fixed_acidity,volatile_acidity,citric_acid,residual_sugar,chlorides,free_sulfur_dioxide,total_sulfur_dioxide,density,pH,sulphates,alcohol,quality
9.18,0.398,0.198,2.01,0.012,16.0,13.3,1.00082,3.414,0.666,8.89,6
8.08,0.495,0.356,1.2,0.1961,7.8,60.7,0.99639,3.075,0.621,9.27,5
9.45,0.774,0.307,1.48,0.1154,16.9,67.9,0.99657,3.22,0.564,11.68,6
10.97,0.412,0.354,8.42,0.0443,1.0,30.9,0.99655,3.504,0.448,10.64,5
7.91,0.385,0.314,1.2,0.0852,18.2,6.0,0.99965,3.356,0.554,11.84,6
7.91,0.442,0.52,1.2,0.1228,29.4,91.9,0.99363,3.363,0.797,10.81,5
11.07,0.357,0.085,1.2,0.1258,1.0,47.6,0.99659,3.348,0.674,10.97,5
9.66,0.55,0.139,1.53,0.0341,11.6,110.3,0.99362,3.271,0.773,10.09,4
7.5,0.819,0.12,3.56,0.0356,6.7,49.5,0.99218,3.305,0.453,10.21,5
9.26,0.586,0.433,1.2,0.071,1.0,51.8,0.9953,3.249,0.904,11.45,6
7.51,0.483,0.447,3.09,0.1121,1.0,14.7,0.99748,3.443,0.562,10.27,5
7.51,0.476,0.359,1.2,0.1181,3.5,32.5,0.99518,3.25,0.739,11.69,5
8.74,0.248,0.502,1.36,0.0936,13.3,6.0,0.99745,3.294,0.637,10.3,6
4.99,0.686,0.041,3.74,0.0478,27.9,6.0,0.9969,3.424,0.566,9.16,5
5.32,0.514,0.596,1.2,0.1686,1.0,70.9,0.99644,3.261,0.732,9.06,4
7.34,0.496,0.568,2.07,0.0366,18.9,37.2,0.9991,3.3,0.76,10.24,8
6.56,1.1,0.414,1.2,0.1482,18.2,32.6,0.99557,3.256,1.115,11.4,4
8.87,0.581,0.618,3.39,0.1217,33.4,22.1,0.99742,3.297,0.767,9.71,5
6.74,0.393,0.0,1.2,0.1472,21.8,33.8,0.99327,3.261,0.764,11.2,6
5.86,0.452,0.169,4.79,0.0661,22.4,83.7,0.99689,3.228,0.853,10.53,6
10.87,0.734,0.128,1.2,0.0803,23.2,51.2,0.99621,3.202,0.748,11.07,6
7.93,0.548,0.412,5.19,0.0896,6.2,7.6,0.99445,3.284,0.651,10.11,5
8.44,0.271,0.066,1.2,0.0646,9.9,80.4,0.99746,3.468,0.713,10.62,5
5.84,0.693,0.419,3.21,0.0976,27.6,103.2,0.9953,3.407,0.803,11.42,4
7.37,0.408,0.538,1.2,0.1612,1.0,62.7,0.99999,3.068,0.894,10.4,5
8.51,0.863,0.407,5.91,0.026,8.7,75.8,0.99208,3.245,0.401,9.86,5
6.32,0.721,0.326,1.2,0.0561,1.9,86.6,0.99717,3.213,0.337,8.48,3
8.97,0.448,0.078,1.2,0.051,18.3,6.0,0.99678,3.07,0.887,11.0,4
7.27,0.757,0.106,1.7,0.0826,11.5,107.8,0.99617,3.353,0.522,9.59,5
7.81,0.54,0.515,1.2,0.0806,22.4,82.6,0.99569,3.296,0.376,9.86,5
7.27,0.681,0.423,1.2,0.1233,14.7,62.6,0.99683,3.623,0.36,9.27,5
11.54,0.615,0.263,7.2,0.0886,1.0,42.3,0.99872,3.26,0.964,10.17,5
8.3,0.377,0.19,9.38,0.1012,1.0,6.0,0.99352,3.191,0.807,12.66,6
6.48,0.413,0.0,1.2,0.1057,15.8,35.6,0.99517,3.177,0.523,10.8,7
9.75,0.712,0.062,6.42,0.0985,7.8,61.2,0.9947,3.241,0.53,9.73,4
6.2,0.468,0.644,1.97,0.1201,10.3,10.1,0.99462,3.402,0.667,9.93,5
8.68,0.456,0.021,1.2,0.0813,25.7,44.2,0.99735,3.42,0.804,8.88,4
4.91,0.357,0.308,3.03,0.1644,23.8,7.5,0.99782,3.762,0.608,9.21,7
6.01,0.604,0.467,2.69,0.2065,34.7,33.8,0.99872,3.125,0.524,9.04,4
8.66,0.897,0.026,11.3,0.1202,12.6,6.0,0.99785,3.324,0.851,10.71,6
9.6,0.337,0.307,1.2,0.0977,9.2,6.0,0.998,3.206,0.654,10.9,3
8.62,0.532,0.454,2.79,0.1164,20.2,57.7,0.99402,3.365,0.625,10.5,5
8.12,0.781,0.273,1.2,0.0353,10.0,27.4,0.99952,3.524,0.759,10.82,5
7.8,0.514,0.83,1.2,0.0955,10.3,30.5,0.9963,3.444,0.33,9.6,6
5.75,0.609,0.0,1.2,0.0526,13.8,25.6,0.99866,3.125,0.739,9.19,5
7.07,0.338,0.477,15.5,0.111,33.2,136.1,0.99409,3.416,0.728,9.18,5
7.52,0.605,0.237,4.05,0.0529,23.2,66.5,0.99624,2.986,0.424,9.14,6
10.16,0.495,0.422,3.86,0.0708,24.3,70.0,0.99849,2.944,0.33,10.8,6
8.92,0.704,0.357,1.78,0.012,32.7,21.0,0.99675,3.273,0.562,12.57,7
5.25,0.741,0.128,1.2,0.0319,25.3,63.1,0.99527,3.405,0.689,9.3,5
8.88,0.992,0.316,1.2,0.1037,4.0,39.0,0.99919,3.365,0.706,10.05,4
7.65,0.632,0.0,1.2,0.0462,25.2,20.7,0.99447,3.604,0.948,10.64,6
7.14,0.586,0.389,1.2,0.137,26.5,109.9,0.99666,3.328,0.689,10.12,4
9.38,0.563,0.329,3.53,0.0422,22.7,65.3,0.99792,3.295,0.42,10.78,5
10.11,0.465,0.396,1.94,0.1083,13.8,63.7,1.00068,3.489,0.615,9.8,5
9.94,0.589,0.477,1.2,0.0512,21.6,14.5,0.99583,3.253,0.437,9.69,5
6.86,0.475,0.343,1.2,0.1051,15.7,6.0,0.99617,3.371,0.628,10.22,7
7.78,0.558,0.3,1.2,0.0149,5.6,44.6,0.99586,3.38,0.898,10.77,6
8.9,0.764,0.099,1.32,0.0657,8.2,27.6,0.99715,3.161,0.736,11.79,5
10.02,0.348,0.132,6.76,0.0472,23.2,66.6,0.99782,3.371,0.535,10.82,5
7.49,0.732,0.502,2.54,0.1285,6.4,68.8,0.99878,3.647,0.759,10.15,5
8.0,0.764,0.551,4.05,0.1087,7.4,48.6,0.99814,3.486,0.526,11.31,6
6.39,0.507,0.225,1.57,0.0291,23.8,73.7,0.99575,3.182,0.33,11.49,5
6.24,0.148,0.28,1.2,0.0775,17.3,52.8,0.99825,3.671,0.448,10.1,6
9.73,0.419,0.095,1.2,0.0507,21.9,17.8,0.99687,3.417,0.736,10.26,6
10.68,0.76,0.5,5.22,0.1317,3.0,39.9,0.99812,3.376,0.789,9.96,5
8.19,0.524,0.401,3.82,0.1468,21.6,50.9,0.99822,3.296,0.95,11.3,6
10.07,0.349,0.65,1.2,0.0192,9.0,77.0,0.9998,3.416,0.716,10.5,6
8.95,0.438,0.1,1.79,0.1259,5.2,53.9,0.99603,3.328,0.887,8.92,5
7.2,0.678,0.197,1.67,0.0483,10.6,27.7,0.99566,3.314,0.765,10.85,5
8.95,0.626,0.316,2.45,0.0751,30.1,78.3,0.99755,3.291,0.817,12.01,6
11.0,0.485,0.397,7.31,0.0885,12.1,59.0,0.99895,3.461,0.845,12.1,6
8.26,0.462,0.229,2.17,0.1724,38.9,97.3,0.99681,3.444,0.741,9.91,6
11.04,0.458,0.101,1.94,0.0398,1.0,49.3,0.99907,3.288,0.841,9.67,5
4.6,0.363,0.443,1.2,0.1262,1.0,12.3,0.99801,3.077,0.539,12.45,6
9.75,0.817,0.412,1.2,0.0319,29.7,85.2,0.99632,3.317,0.33,12.1,4
8.47,0.47,0.092,1.2,0.0287,32.4,27.5,0.99777,3.2,0.769,10.92,4
7.8,0.746,0.535,1.2,0.0883,6.8,56.2,0.99587,3.238,0.722,8.59,4
8.48,0.8,0.499,3.4,0.088,16.6,52.6,0.99715,3.292,0.509,9.77,4
4.86,0.707,0.297,3.21,0.012,23.3,48.0,0.99466,3.148,0.443,9.25,4
7.94,0.451,0.287,1.2,0.1415,13.5,40.9,0.99657,3.063,0.68,12.36,6
8.94,0.6,0.379,4.52,0.012,17.4,6.0,0.9986,3.356,0.78,8.79,4
10.89,0.524,0.103,1.2,0.0801,16.0,13.5,0.99816,3.315,0.746,12.35,6
7.42,0.366,0.277,1.2,0.1494,1.0,83.4,0.99788,3.309,0.485,10.31,6
6.91,0.586,0.0,1.2,0.1908,12.3,60.6,0.99725,3.39,0.523,9.14,4
7.45,0.317,0.442,1.2,0.0699,16.0,109.3,0.997,3.209,0.772,11.48,5
9.91,0.741,0.0,1.2,0.0197,16.9,12.3,0.99429,3.362,0.67,11.09,4
8.89,0.445,0.564,1.68,0.1477,1.0,45.5,0.99631,3.517,0.838,9.07,4
7.4,0.564,0.207,1.31,0.1277,23.8,84.7,0.99705,3.272,0.603,10.39,6
9.21,0.579,0.23,10.78,0.064,17.2,27.9,0.99456,3.604,0.784,11.89,6
8.49,0.482,0.149,1.2,0.0581,4.8,30.5,0.99337,3.319,0.651,9.98,7
10.01,0.633,0.215,1.2,0.0533,34.7,36.8,0.99884,3.18,0.535,12.22,5
7.1,0.443,0.548,1.2,0.0708,12.2,31.8,0.9968,3.442,0.816,9.62,7
7.75,0.684,0.0,2.46,0.1019,12.9,64.0,0.9971,3.294,0.489,8.68,4
7.64,0.287,0.52,1.2,0.0604,22.6,6.0,0.99776,3.473,0.671,10.47,5
5.77,0.551,0.337,4.53,0.0663,35.6,100.5,0.99483,3.375,0.688,8.86,7
8.84,0.875,0.036,1.79,0.1171,23.0,14.9,0.99593,3.261,0.638,10.55,4
8.77,0.349,0.061,1.87,0.0173,24.5,6.0,0.99956,3.545,0.826,10.43,7
8.33,0.407,0.598,2.06,0.0693,5.4,46.1,0.99577,3.234,0.755,9.61,5
7.91,0.62,0.087,1.2,0.012,16.8,34.1,0.99619,2.977,0.735,12.43,5
5.86,0.56,0.046,1.2,0.0921,10.3,40.6,0.99543,3.447,0.67,10.42,4
7.59,0.591,0.493,1.2,0.012,23.2,56.8,0.99529,3.365,0.974,11.34,6
7.72,0.616,0.337,2.25,0.1288,24.2,67.7,0.9988,3.509,0.907,11.41,4
6.92,0.642,0.088,1.2,0.0252,33.0,102.0,0.99199,3.175,0.814,12.3,5
8.04,0.727,0.313,1.2,0.012,1.0,23.8,0.99583,3.273,0.786,9.13,3
9.02,0.601,0.071,8.78,0.0699,9.3,71.9,0.99713,3.256,0.556,8.54,5
11.6,0.485,0.486,1.2,0.1674,29.5,69.8,0.99992,3.455,0.65,12.26,4
8.62,0.648,0.478,4.06,0.1204,1.2,6.0,0.99454,3.411,0.766,11.04,5
8.77,0.868,0.375,3.88,0.012,24.3,19.1,0.99422,3.344,0.837,10.56,4
8.19,0.504,0.342,1.2,0.0239,27.7,6.0,0.99507,3.345,0.81,10.28,7
4.98,0.354,0.614,1.2,0.0684,15.6,61.2,0.99803,3.134,0.757,10.09,4
8.27,0.726,0.271,1.2,0.1922,1.0,57.6,0.99694,3.429,0.998,11.34,5
8.42,0.506,0.041,2.99,0.0429,14.6,58.2,0.99396,3.433,0.635,8.88,5
12.61,0.139,0.359,2.57,0.0432,31.1,36.4,0.99689,3.664,0.83,10.93,7
7.99,0.68,0.678,3.82,0.1588,32.0,39.7,0.99965,3.384,0.81,11.52,4
8.84,0.432,0.073,6.93,0.0962,18.0,45.5,0.9972,3.408,0.733,11.22,4
8.26,0.512,0.201,2.94,0.1365,5.6,33.3,0.99701,3.385,0.74,10.34,6
6.29,0.587,0.352,1.2,0.0528,34.1,72.0,0.99713,3.204,0.736,10.42,5
10.31,0.562,0.26,1.2,0.0822,24.5,11.3,0.99749,3.503,0.538,11.8,5
9.63,0.655,0.079,4.62,0.1488,6.3,20.7,0.99429,3.302,0.726,11.04,6
9.7,0.45,0.49,1.2,0.0802,19.5,50.5,0.99626,3.281,0.785,12.3,5
6.74,0.62,0.723,1.2,0.1398,19.0,34.4,0.99636,3.29,0.713,8.56,4
10.76,0.482,0.309,3.04,0.1052,9.2,10.0,0.99578,3.301,0.345,11.39,4
5.88,0.66,0.095,1.29,0.0381,19.5,64.0,0.998,3.236,0.388,9.55,4
9.34,0.638,0.0,6.32,0.0862,27.4,27.6,0.9955,3.344,0.519,10.34,4
12.13,0.361,0.321,2.63,0.1331,12.8,18.7,0.99602,3.296,0.639,11.89,6
6.6,0.722,0.486,1.2,0.1185,28.5,40.7,0.99431,3.283,0.528,9.35,6
7.33,0.432,0.364,7.38,0.0851,1.0,17.1,0.99742,3.386,0.768,12.68,5
8.49,0.673,0.271,1.2,0.012,39.1,45.3,0.99849,3.323,0.861,11.6,5
7.44,0.594,0.156,1.2,0.012,16.5,34.6,0.99601,3.226,0.885,11.04,5
5.62,0.857,0.058,1.29,0.0126,27.1,29.6,0.99823,3.193,0.715,9.42,5
8.44,0.488,0.434,1.2,0.063,18.2,29.8,0.99642,3.326,0.842,10.23,6
6.47,0.465,0.449,1.72,0.0693,7.3,79.2,0.9919,3.196,0.562,10.04,5
9.14,0.525,0.0,1.2,0.0177,15.5,58.6,0.9966,3.185,0.632,9.1,4
6.72,0.474,0.581,1.28,0.1351,1.0,6.0,0.99637,3.187,0.46,11.59,6
11.02,0.671,0.383,1.2,0.0276,23.1,75.5,0.9969,3.35,0.863,9.99,4
6.96,0.239,0.544,3.71,0.0226,17.9,63.5,0.99718,3.495,0.992,10.23,4
7.76,0.339,0.009,4.06,0.0911,13.9,61.5,0.9954,3.365,0.599,10.29,7
9.74,0.337,0.005,1.2,0.1328,23.7,75.7,0.9995,3.448,0.33,10.19,4
6.18,0.698,0.242,1.2,0.1836,16.3,47.0,0.99657,3.3,0.496,10.99,4
8.72,0.834,0.369,1.2,0.1144,22.2,66.9,0.99632,3.333,0.547,9.75,5
10.59,0.509,0.621,1.2,0.1613,25.9,31.2,0.99811,3.566,0.433,11.51,6
5.52,0.498,0.409,4.0,0.03,10.1,74.4,0.99674,3.439,0.483,9.78,6
8.64,0.541,0.224,3.07,0.1885,7.1,53.6,1.00158,3.455,0.693,10.39,6
8.77,0.736,0.071,1.2,0.012,1.0,6.0,0.9963,3.27,0.77,9.02,4
9.68,0.362,0.511,1.2,0.0633,17.2,80.6,0.99737,3.31,0.33,11.57,7
6.17,0.571,0.083,1.2,0.1134,20.6,42.2,0.99528,3.373,0.568,11.84,6
6.02,0.703,0.589,2.47,0.012,2.0,37.6,0.99835,3.218,0.664,11.19,6
9.23,0.618,0.216,1.2,0.0434,30.7,31.9,0.99729,2.947,0.477,10.6,5
8.84,0.562,0.581,10.66,0.036,7.3,34.3,0.99606,3.372,0.698,10.38,4
8.76,0.707,0.403,3.79,0.0724,1.0,54.0,0.99504,3.459,0.638,8.75,4
8.92,0.12,0.244,1.24,0.1538,31.5,14.0,0.99421,3.32,0.582,8.97,4
7.14,0.649,0.17,2.16,0.0878,1.0,6.0,0.9975,3.219,0.511,11.22,4
8.72,0.411,0.205,6.06,0.0652,26.0,11.4,0.99406,3.26,0.704,10.23,5
8.83,0.2,0.355,2.02,0.012,23.4,59.0,0.99919,2.999,0.528,8.97,6
7.08,0.62,0.286,1.2,0.1089,19.2,41.1,0.9943,3.26,0.363,8.92,5
11.57,0.774,0.155,1.2,0.1241,10.4,83.1,0.99636,3.139,0.662,11.1,5
9.14,0.503,0.239,4.63,0.012,21.1,44.3,0.99503,3.203,0.447,11.36,5
6.25,0.699,0.286,2.58,0.0839,26.8,74.2,0.99676,3.131,0.378,8.78,5
9.46,0.817,0.0,2.63,0.0961,5.6,23.7,0.99675,3.114,0.68,10.58,5
6.62,0.763,0.36,5.04,0.1323,26.1,32.2,0.99755,3.156,0.63,10.84,6
9.69,0.822,0.08,5.61,0.0529,25.6,46.8,0.9938,3.408,0.511,9.8,5
10.34,0.661,0.046,6.31,0.0459,18.9,41.6,0.99525,3.232,0.697,11.75,5
6.89,0.542,0.0,1.2,0.0655,10.2,38.6,0.99854,3.14,0.73,10.05,4
10.0,0.241,0.0,1.96,0.1474,25.7,17.8,0.99795,3.427,0.699,8.58,5
9.04,0.484,0.007,3.37,0.1361,21.2,6.0,0.99195,3.331,0.693,10.21,5
9.75,0.377,0.133,3.54,0.086,5.2,67.2,0.99742,2.947,0.385,11.88,5
11.62,0.917,0.652,2.33,0.1349,12.0,63.6,0.99474,3.464,0.878,10.05,4
7.89,0.497,0.168,1.2,0.012,24.4,26.3,0.99558,3.322,0.753,9.3,5
7.01,0.55,0.306,3.99,0.1242,17.1,58.9,0.99627,3.43,0.496,11.09,5
6.77,0.627,0.349,3.18,0.0344,27.2,41.0,0.99966,3.276,0.656,10.7,5
6.9,0.536,0.297,1.2,0.1701,12.3,82.9,0.99472,3.558,0.688,10.42,5
8.19,0.831,0.256,1.56,0.037,5.4,6.0,0.99403,3.252,0.651,10.93,6
8.91,0.417,0.038,1.2,0.0469,38.8,42.3,0.99756,2.905,0.963,9.68,6
8.8,0.563,0.554,1.2,0.1134,1.0,39.7,0.99665,3.174,0.33,9.78,4
9.76,0.395,0.623,1.2,0.118,10.6,51.8,0.99899,3.388,0.407,11.2,6
8.34,0.292,0.0,1.28,0.066,18.8,97.0,0.99603,3.335,0.33,9.39,7
10.85,0.418,0.071,2.0,0.1045,26.2,42.4,0.999,3.292,0.672,12.15,6
7.86,0.521,0.216,2.42,0.1103,22.6,70.9,0.99673,3.159,0.75,11.74,5
13.05,0.451,0.083,2.72,0.1055,40.0,41.6,0.99771,3.314,0.719,9.2,6
9.41,0.404,0.37,4.52,0.068,14.6,81.7,0.99979,3.309,0.609,12.0,8
6.83,0.276,0.129,1.2,0.1107,6.7,71.2,0.99638,3.307,0.727,10.58,6
6.46,0.513,0.693,1.2,0.1531,13.6,35.5,0.99868,3.394,0.608,11.9,4
9.16,0.259,0.503,4.77,0.0294,12.5,33.1,0.99553,3.339,0.784,10.56,7
7.93,0.664,0.312,1.2,0.0475,15.2,62.5,0.99713,3.272,0.846,10.23,6
9.56,0.543,0.471,9.2,0.0883,5.6,24.9,0.99396,3.157,0.5,10.12,3
9.14,0.267,0.487,4.62,0.0374,24.1,52.7,0.99574,3.52,0.609,8.4,6
8.19,0.473,0.161,1.74,0.012,19.7,34.8,0.99469,3.616,0.637,11.41,6
6.85,0.393,0.112,9.96,0.1384,2.6,58.6,0.99902,3.58,0.9,9.66,6
5.68,0.585,0.286,1.2,0.012,26.0,41.2,1.0,3.419,0.52,11.45,5
7.54,0.768,0.439,1.2,0.0681,7.4,23.7,0.99603,3.053,0.845,12.21,6
9.81,0.192,0.298,2.54,0.1227,3.5,82.8,0.99523,3.034,0.409,9.8,5
8.69,0.549,0.0,1.2,0.0995,16.8,54.4,0.9942,3.227,0.869,9.74,6
6.15,0.499,0.114,6.59,0.0688,1.0,44.7,0.9972,3.303,0.803,11.5,6
8.62,0.648,0.257,1.2,0.0354,22.0,60.3,0.99556,3.296,0.632,9.92,4
8.99,0.566,0.256,1.99,0.1032,1.0,6.0,0.99566,3.341,0.814,11.83,5
6.78,0.393,0.656,2.23,0.0405,5.1,115.2,0.9998,3.097,0.573,9.68,5
8.59,0.471,0.001,2.64,0.0995,32.3,47.3,0.99614,3.559,0.501,11.96,6
8.42,0.386,0.37,1.2,0.0936,8.7,6.0,0.99781,3.543,0.948,10.09,6
6.33,0.721,0.561,1.2,0.0941,10.5,85.9,0.9968,3.109,0.566,10.77,4
8.94,0.532,0.714,4.64,0.0569,29.2,21.7,0.99413,3.024,0.773,11.47,5
9.3,0.868,0.192,1.2,0.1826,7.6,80.8,0.99319,3.297,0.847,10.97,5
10.2,0.517,0.367,4.38,0.1038,23.9,50.5,0.99763,3.505,0.795,11.57,5
10.15,0.401,0.382,2.07,0.0739,28.2,6.0,0.99994,3.306,0.76,8.86,6
5.92,0.257,0.309,3.59,0.0994,20.9,55.1,0.9973,3.351,0.774,9.98,6
6.69,0.205,0.252,3.13,0.0506,1.0,52.6,0.99789,3.243,0.838,10.49,7
9.22,0.244,0.356,1.2,0.0688,9.6,84.4,0.99498,3.334,0.712,9.6,5
9.21,0.576,0.0,2.1,0.1994,44.3,63.6,0.99863,3.456,0.651,11.46,6
9.22,0.619,0.404,5.06,0.0509,10.7,6.0,0.9986,3.374,0.425,9.87,6
15.02,0.245,0.296,1.41,0.0833,47.1,79.4,0.99538,3.4,0.712,9.6,5
9.31,0.688,0.228,8.5,0.0656,33.7,32.8,0.99774,3.055,0.833,11.43,5
10.3,0.442,0.67,1.5,0.0381,21.3,103.1,0.99334,3.64,0.471,9.3,7
9.98,0.554,0.139,1.2,0.1068,19.0,34.8,0.99808,3.057,0.619,9.35,4
9.45,0.817,0.192,1.23,0.0887,11.0,39.5,0.99561,3.335,0.73,10.96,5
7.77,0.689,0.659,7.58,0.1298,14.9,19.4,0.99437,3.288,0.915,11.86,6
9.64,0.48,0.109,1.2,0.1251,8.7,30.1,0.99747,3.295,0.461,10.59,5
6.98,0.368,0.164,5.06,0.1293,15.2,21.4,0.99333,3.445,0.793,8.69,6
7.91,0.143,0.242,5.33,0.0438,1.6,85.2,0.99735,3.202,0.597,11.15,5
7.48,0.399,0.435,1.2,0.1171,1.1,6.0,0.99455,3.244,0.543,9.79,7
8.46,0.49,0.312,1.2,0.1183,29.5,72.9,0.99414,3.134,0.502,11.62,5
12.35,0.351,0.019,3.22,0.039,1.0,73.7,0.99681,3.484,0.547,10.01,5
5.07,0.505,0.167,1.2,0.072,25.1,91.8,0.99637,3.352,0.743,11.64,4
9.51,0.542,0.153,3.82,0.0186,1.0,47.9,0.99947,3.409,0.619,9.97,6
5.51,0.488,0.256,1.46,0.1185,22.5,12.7,0.99426,3.436,0.779,9.68,7
7.5,0.412,0.354,1.66,0.1183,13.7,40.8,0.99931,3.618,0.467,8.4,6
10.21,0.558,0.353,3.76,0.1542,29.7,66.0,0.99454,3.591,0.776,9.71,6
8.43,0.607,0.0,1.2,0.0762,12.4,49.3,0.99845,3.361,0.732,10.61,5
6.44,0.333,0.478,1.46,0.1082,1.0,58.5,0.9988,3.335,0.402,10.53,5
7.08,0.781,0.32,1.2,0.1334,13.9,91.4,0.99731,3.229,0.914,11.07,5
9.5,0.51,0.541,1.2,0.0516,17.5,65.6,0.9952,3.426,0.716,11.75,5
7.05,0.531,0.358,1.87,0.0444,14.5,53.0,0.99381,3.42,0.788,10.45,5
8.7,0.655,0.486,4.14,0.053,21.9,6.0,0.99299,3.199,0.855,10.49,6
8.4,0.57,0.362,1.2,0.0706,10.0,20.7,1.00022,3.422,0.823,11.61,5
7.19,0.699,0.534,1.86,0.0461,2.7,33.2,0.99614,3.466,0.637,10.67,3
12.05,0.579,0.373,2.78,0.055,5.4,6.0,0.9946,3.138,0.781,9.43,4
9.42,0.418,0.252,1.2,0.1284,10.5,10.0,0.99453,3.34,0.35,9.86,6
4.8,0.593,0.714,1.2,0.0825,10.4,37.6,0.99702,3.301,0.725,8.4,3
8.64,0.323,0.444,6.77,0.1014,41.0,43.0,0.99595,3.31,0.953,9.42,5
7.17,0.547,0.383,3.21,0.0611,29.0,63.1,0.99305,3.164,0.54,8.61,4
9.8,0.522,0.022,2.15,0.058,23.1,39.7,0.99834,3.03,0.814,10.8,6
6.94,0.491,0.02,2.61,0.1004,20.5,54.6,0.99734,3.195,0.959,11.72,6
8.12,0.505,0.328,1.2,0.0929,19.0,32.7,1.0002,3.173,0.775,9.41,5
9.2,0.191,0.299,2.41,0.1236,19.1,47.9,0.99887,3.365,0.832,9.45,5
9.83,0.43,0.151,1.78,0.1482,17.6,61.3,0.99081,3.368,0.391,11.43,4
6.23,0.545,0.298,1.97,0.0545,16.3,94.9,0.99939,3.359,0.499,9.94,6
7.74,0.557,0.581,1.2,0.1275,1.0,29.5,0.99899,3.096,0.901,10.69,4
7.49,0.344,0.407,1.2,0.0362,12.0,51.2,0.9953,3.139,0.821,11.22,7
7.18,0.755,0.049,1.2,0.1845,13.4,75.1,0.99588,3.216,0.742,9.66,5
11.39,0.373,0.249,7.53,0.05,8.0,6.0,0.99748,3.315,0.613,9.68,7
9.02,0.702,0.114,1.31,0.1195,10.1,112.2,0.99477,3.259,0.706,9.88,4
6.13,0.604,0.195,1.57,0.0359,19.0,85.3,0.99624,3.359,0.953,8.76,5
9.92,0.412,0.19,1.2,0.0799,23.9,6.0,0.9986,3.461,0.641,10.94,6
12.01,0.846,0.178,1.2,0.1596,19.0,58.7,0.99768,3.157,0.777,11.06,5
10.12,0.314,0.026,3.16,0.0486,23.6,27.9,0.99543,3.163,0.772,10.51,6
5.68,0.693,0.246,1.93,0.1906,23.8,33.4,0.99864,3.332,0.545,11.87,5
7.48,0.707,0.162,1.78,0.0868,12.7,58.0,0.99728,3.298,0.558,10.14,4
10.52,0.408,0.0,1.2,0.1329,21.4,81.0,0.99721,3.425,0.918,11.08,5
7.09,0.777,0.671,3.41,0.1059,1.0,31.1,0.99572,3.312,0.755,10.94,6
9.09,0.483,0.483,1.2,0.1085,11.8,31.6,0.99669,3.579,0.542,9.56,4
9.67,0.58,0.198,1.2,0.02,10.6,58.7,0.99523,3.066,0.605,11.66,5
6.71,0.575,0.275,1.54,0.0648,31.9,65.3,0.99301,3.44,0.49,10.56,5
8.22,0.504,0.043,1.2,0.1432,19.4,13.3,0.99617,3.342,0.839,11.46,5
4.6,0.673,0.602,1.2,0.0708,1.9,103.2,0.99647,3.095,0.615,9.03,3
6.54,0.67,0.641,2.59,0.0935,22.1,25.3,0.99696,2.993,0.617,10.54,6
7.88,0.215,0.302,2.63,0.0143,25.4,78.2,0.999,3.138,0.801,9.93,6
6.15,0.761,0.471,4.35,0.0617,14.9,61.3,0.99546,3.497,0.372,9.51,3
11.16,0.23,0.305,1.35,0.1398,23.1,66.4,0.996,3.48,0.652,11.93,7
5.83,0.713,0.01,1.2,0.0267,1.0,25.9,0.99816,3.291,0.656,10.63,5
7.55,0.73,0.191,1.2,0.1207,1.0,6.0,0.99527,3.255,0.609,8.84,4
8.55,0.333,0.297,9.78,0.0954,3.5,45.8,0.99699,3.179,0.565,9.89,6
10.83,0.454,0.182,2.27,0.0759,17.4,45.9,0.99592,3.282,0.537,11.42,5
5.82,0.33,0.228,3.09,0.0738,31.9,15.0,0.99624,3.238,0.706,9.51,5
10.34,0.49,0.253,1.2,0.0639,4.1,76.7,0.99814,3.574,0.486,9.4,4
8.34,0.473,0.255,1.83,0.0681,6.9,44.8,0.99599,3.121,0.685,10.26,4
6.61,0.668,0.281,1.2,0.1307,16.8,19.9,0.9982,3.371,0.564,10.92,6
9.12,0.763,0.064,2.11,0.0667,10.7,65.7,0.99299,3.582,0.575,9.64,3
8.67,0.778,0.131,6.34,0.172,10.1,66.6,0.99398,3.43,0.691,10.84,4
7.28,0.427,0.021,8.64,0.1011,11.5,22.9,0.9923,3.138,0.573,10.46,5
8.44,0.491,0.462,1.94,0.0599,29.6,87.0,0.99449,3.073,0.873,10.59,7
7.65,0.227,0.0,1.53,0.1327,27.5,120.3,1.00023,3.353,0.634,8.4,5
8.52,0.384,0.496,7.25,0.1163,16.1,10.6,0.99667,3.334,0.836,10.44,6
9.47,0.701,0.541,2.8,0.012,33.2,40.4,0.99533,3.501,0.528,10.15,5
11.08,0.817,0.212,1.2,0.0384,21.2,57.6,0.99819,3.395,0.525,10.84,6
6.17,0.307,0.0,1.57,0.0816,27.9,121.5,0.99846,3.236,0.375,9.72,7
12.03,0.422,0.201,1.2,0.0126,6.9,22.3,0.99438,3.226,0.574,10.02,5
4.92,0.523,0.258,1.59,0.1853,9.0,15.6,1.00145,3.11,0.618,10.99,5
8.06,0.578,0.074,1.52,0.1256,8.9,15.3,0.99723,3.331,0.671,11.97,5
9.34,0.383,0.171,2.18,0.0864,15.0,86.7,0.99746,3.095,0.777,9.0,5
8.81,0.604,0.569,1.2,0.0709,16.5,23.2,0.99764,3.451,0.764,10.97,6
7.24,0.443,0.401,1.2,0.0588,19.3,18.5,0.99764,3.402,0.851,11.73,5
7.96,0.525,0.091,1.75,0.012,36.5,54.1,0.99552,3.397,0.507,11.16,5
7.46,0.626,0.0,4.43,0.012,23.4,56.6,1.00071,3.107,0.663,11.65,7
7.29,0.529,0.207,2.73,0.1764,10.5,81.7,0.99616,3.288,0.488,9.84,5
9.8,0.45,0.229,1.2,0.161,15.8,49.5,0.99852,3.251,0.728,11.74,4
8.94,0.508,0.368,6.85,0.0599,31.6,54.7,0.9958,3.327,0.965,9.64,5
7.11,0.512,0.167,6.08,0.1297,24.0,43.0,0.99546,3.392,0.455,10.48,5
9.89,0.462,0.371,1.2,0.1108,31.5,6.0,1.00031,3.232,0.775,9.88,5
8.85,0.482,0.648,1.2,0.1163,10.8,39.9,0.99649,3.238,0.836,9.93,5
9.73,0.814,0.43,3.38,0.02,8.4,48.5,0.99664,3.416,0.506,8.58,5
9.42,0.628,0.262,4.39,0.012,8.6,31.9,0.99724,3.137,0.732,8.4,5
6.88,0.475,0.235,8.59,0.1426,11.7,6.0,1.00164,3.196,0.597,11.68,6
7.35,0.653,0.201,5.51,0.012,4.7,9.1,1.00082,3.312,0.637,8.5,6
9.62,0.468,0.501,2.29,0.08,19.0,45.2,0.99914,3.45,0.591,10.69,4
9.38,0.738,0.149,1.89,0.0697,19.1,77.2,1.00212,3.162,0.62,9.03,4
8.28,0.594,0.28,1.2,0.0654,29.9,101.8,0.99491,3.587,0.854,9.51,5
8.52,0.509,0.281,1.2,0.1018,1.0,40.4,0.99795,3.103,0.645,11.15,6
10.54,0.608,0.173,1.54,0.0552,6.0,22.9,0.99684,3.55,0.556,10.59,5
7.29,0.247,0.003,2.48,0.1056,24.3,34.2,0.99334,3.496,0.67,10.28,5
9.27,0.326,0.334,2.04,0.0936,17.8,12.0,0.99758,3.091,0.33,11.64,5
7.97,0.314,0.259,3.39,0.1856,16.3,72.4,0.99577,3.06,0.519,10.11,6
7.94,0.554,0.369,1.2,0.0219,29.1,116.8,0.99961,3.422,0.87,11.74,4
10.23,0.838,0.167,2.08,0.0884,5.3,23.7,0.99595,3.253,0.633,9.28,3
9.76,0.927,0.509,1.2,0.1073,8.2,7.3,0.99584,3.156,0.577,9.15,5
9.74,0.642,0.1,1.33,0.0749,7.0,79.6,0.99961,3.59,0.687,10.27,5
10.59,0.618,0.605,3.47,0.0242,1.0,56.9,0.99658,3.127,0.783,10.42,4
8.36,0.206,0.0,2.96,0.1461,17.3,57.5,0.99891,3.199,0.884,9.5,6
9.51,0.431,0.356,11.68,0.1028,10.4,98.7,0.99751,3.217,0.581,10.12,5
7.78,0.387,0.364,1.2,0.0275,8.2,6.0,0.99753,2.88,0.585,11.88,6
8.88,0.417,0.116,1.72,0.1076,6.3,6.0,0.99624,3.325,0.62,10.0,5
8.09,0.498,0.354,1.2,0.167,15.7,41.1,0.99765,3.171,0.833,8.4,5
8.49,0.443,0.521,1.45,0.0853,7.5,48.6,0.99645,3.436,0.668,8.55,5
9.36,0.174,0.0,4.86,0.0869,18.2,34.8,0.99517,3.456,1.026,12.65,7
6.9,0.662,0.369,2.88,0.1607,20.7,127.4,0.9965,3.347,0.631,11.97,5
11.96,0.336,0.0,5.35,0.0414,12.8,36.3,0.99915,3.348,0.958,9.95,6
6.57,0.571,0.083,1.2,0.1682,12.1,28.4,0.99772,3.336,0.506,11.29,5
6.21,0.899,0.589,5.17,0.1327,17.8,50.6,0.99816,3.203,0.422,10.7,5
10.34,0.363,0.158,1.2,0.0436,15.6,78.4,0.9967,3.216,0.641,11.78,6
9.7,0.12,0.042,5.49,0.0556,29.8,22.6,0.99302,3.515,0.852,9.27,7
9.41,0.477,0.232,1.2,0.0623,19.2,41.6,0.99438,3.424,0.577,9.3,5
9.41,0.725,0.674,1.2,0.012,27.3,79.3,0.99615,3.343,0.553,11.83,6
8.3,0.879,0.0,1.79,0.0992,22.3,81.2,0.99454,3.403,0.832,8.82,5
6.76,0.308,0.066,7.06,0.0457,2.1,53.6,0.9957,3.302,0.778,10.49,6
8.45,0.617,0.563,1.2,0.1009,10.0,126.0,0.99563,3.339,0.523,10.37,4
7.14,0.445,0.633,1.2,0.0263,15.4,111.6,0.99569,3.403,0.513,11.26,5
10.02,0.509,0.251,4.85,0.1304,25.0,6.0,0.99943,2.992,0.799,10.57,7
8.06,1.001,0.029,1.26,0.1217,36.0,6.0,0.9966,3.451,0.381,10.28,4
6.88,0.259,0.68,1.2,0.0538,10.8,72.6,0.99848,3.439,0.842,10.01,6
7.76,0.573,0.582,1.38,0.1039,16.4,91.4,0.99701,3.191,0.776,9.36,4
9.04,0.612,0.403,1.22,0.0909,24.2,39.1,0.99939,3.503,0.33,10.24,6
7.34,0.722,0.113,6.18,0.1567,15.3,29.9,0.99864,2.97,0.661,11.67,5
6.89,0.546,0.261,3.59,0.0385,33.1,19.5,0.99558,3.365,0.33,10.11,5
8.74,0.583,0.24,1.76,0.0798,1.8,8.0,1.00043,3.317,0.453,11.92,5
8.75,0.458,0.336,11.14,0.0569,23.0,83.9,0.99584,3.263,0.572,11.2,6
7.44,0.576,0.554,1.57,0.0891,22.9,33.9,0.99708,3.314,0.442,10.93,5
7.5,0.467,0.442,1.2,0.1121,27.9,56.4,0.99742,3.401,1.035,10.25,6
8.72,0.639,0.061,1.2,0.0564,16.5,6.0,0.99763,3.033,0.805,9.75,6
5.8,0.462,0.539,1.43,0.0699,25.2,79.4,0.99821,3.465,0.89,12.22,6
5.87,0.596,0.332,1.2,0.1324,13.3,65.8,0.99526,3.248,0.634,11.27,6
7.07,0.523,0.405,7.37,0.1508,7.5,6.0,0.99805,3.467,0.663,10.27,6
7.95,0.73,0.557,3.64,0.1102,6.0,55.0,0.9978,3.41,0.927,12.24,5
8.86,0.519,0.054,1.2,0.0805,1.0,46.6,0.9967,3.245,0.732,11.09,5
10.89,0.211,0.264,2.23,0.076,11.3,31.7,0.99634,3.299,0.762,8.9,7
9.81,0.754,0.167,3.2,0.1128,19.1,6.0,0.99516,3.308,0.503,9.96,5
8.04,0.366,0.0,7.09,0.0977,13.7,24.7,0.99761,3.558,0.502,11.2,6
8.29,0.411,0.339,5.33,0.012,17.9,56.4,0.99545,3.135,0.702,12.03,5
6.58,0.421,0.761,1.81,0.1139,28.8,28.4,0.99715,3.244,0.721,12.95,5
8.29,0.774,0.0,3.73,0.0466,10.5,39.2,0.99651,3.067,0.488,10.45,4
7.82,0.146,0.265,2.06,0.0204,40.3,95.7,0.99417,3.33,0.719,11.08,6
8.88,1.09,0.396,2.01,0.012,23.8,43.9,0.99493,3.215,0.45,9.77,4
6.88,0.717,0.295,1.2,0.0768,13.8,6.0,0.99747,3.234,0.66,9.47,6
9.22,0.568,0.249,1.2,0.0392,13.6,40.4,0.9957,3.54,0.414,8.62,6
10.99,0.518,0.018,1.89,0.012,5.3,49.7,0.99564,3.184,0.884,10.84,6
8.13,0.579,0.316,1.2,0.0702,15.6,19.3,0.99525,3.286,0.605,11.77,5
9.02,0.621,0.123,1.2,0.0639,1.0,70.6,0.99531,3.24,0.54,11.25,6
9.52,0.643,0.0,3.21,0.08,29.0,6.0,0.99982,3.25,0.463,10.51,4
7.62,0.627,0.504,1.2,0.0574,1.0,41.9,0.99457,3.738,0.447,11.73,4
8.71,0.544,0.458,2.26,0.173,16.3,6.0,0.9995,3.044,0.732,13.58,6
8.34,0.493,0.281,1.94,0.1113,3.9,36.7,0.99607,3.41,0.829,9.53,6
8.49,0.501,0.316,8.67,0.0635,8.5,69.8,0.99546,3.685,0.812,8.4,5
6.97,0.493,0.48,1.66,0.084,9.9,41.2,0.99743,3.477,0.895,10.79,6
8.36,0.731,0.315,1.2,0.1535,36.0,39.2,0.9968,3.318,0.955,11.58,5
9.19,0.634,0.447,2.01,0.132,4.3,47.4,0.99632,3.13,0.821,8.76,5
10.84,0.12,0.213,4.6,0.0214,25.4,49.0,0.99712,3.512,0.573,11.31,6
9.99,0.645,0.527,14.4,0.0412,28.0,69.3,0.99677,3.455,0.687,10.06,6
12.07,0.563,0.334,1.41,0.0503,1.0,69.5,0.99629,3.075,0.33,10.78,5
6.98,0.525,0.309,1.2,0.0663,9.4,93.2,0.99848,3.262,0.766,9.44,5
9.84,0.458,0.023,5.93,0.059,31.4,52.0,0.99395,3.125,0.683,9.37,6
8.64,0.729,0.327,1.2,0.0886,2.1,6.0,0.99496,2.871,0.929,9.24,4
12.13,0.698,0.109,2.39,0.1216,28.4,74.7,0.9952,3.122,0.532,11.13,5
6.91,0.39,0.147,1.3,0.1294,15.7,90.9,0.99469,3.327,0.746,9.75,5
6.86,0.601,0.112,1.2,0.0716,15.2,127.5,0.99686,3.4,0.487,10.71,6
7.28,0.354,0.063,1.2,0.012,16.6,94.2,0.99766,3.261,0.639,10.45,7
4.62,0.281,0.685,1.2,0.0381,19.5,30.3,0.99297,3.523,0.38,9.16,5
7.41,0.416,0.531,2.9,0.0626,5.9,52.6,0.9958,3.47,0.889,10.5,6
7.0,0.682,0.645,7.43,0.0285,13.1,37.6,0.99609,3.292,0.837,10.67,6
8.58,0.699,0.033,1.2,0.1406,19.7,33.1,0.99616,3.272,0.578,11.56,5
8.91,0.62,0.285,4.17,0.0316,17.7,42.7,0.99426,3.37,0.703,12.02,7
11.58,0.658,0.019,1.2,0.116,19.5,88.8,0.9961,3.308,0.665,9.33,6
9.97,0.62,0.135,1.93,0.012,8.4,6.0,0.99497,3.091,0.554,10.8,4
7.32,0.413,0.092,1.2,0.1179,22.5,13.5,0.99606,3.266,0.679,8.4,6
6.76,0.605,0.513,6.8,0.0805,17.2,86.6,0.99343,3.413,0.583,11.33,6
9.18,0.671,0.194,3.63,0.1581,1.0,94.3,0.99608,3.513,0.825,11.59,5
6.02,0.663,0.479,2.68,0.0338,10.3,24.8,0.99533,3.459,0.622,8.4,5
11.51,0.741,0.389,4.34,0.0605,6.5,100.8,0.9962,3.362,1.064,10.06,4
10.37,0.655,0.72,2.61,0.0696,6.4,78.6,0.99727,3.535,0.645,9.46,5
7.5,0.591,0.0,8.68,0.0798,10.9,37.7,0.99662,3.376,0.677,10.05,5
5.34,0.72,0.517,3.13,0.0707,22.3,6.0,0.99821,3.297,0.748,9.84,7
10.68,0.523,0.495,6.46,0.0716,9.3,6.0,0.99601,3.539,0.8,10.37,5
8.12,0.37,0.081,1.82,0.0709,18.2,24.8,0.99788,3.422,0.671,11.48,4
10.47,0.499,0.467,1.2,0.012,16.5,71.5,0.99884,3.512,0.744,10.08,4
5.55,0.395,0.337,1.88,0.1337,7.7,71.6,0.99722,3.128,0.689,9.36,6
7.28,0.407,0.227,1.2,0.2215,12.3,31.1,0.99666,3.179,0.526,10.21,4
8.33,0.502,0.11,2.24,0.101,24.9,38.9,0.99749,3.185,0.48,10.15,6
8.4,0.386,0.131,1.65,0.0336,17.4,45.4,0.99729,3.339,0.777,10.33,6
7.54,0.473,0.671,2.44,0.0384,21.6,39.3,0.9986,3.592,0.916,9.75,5
9.4,0.189,0.271,1.2,0.1158,29.2,51.9,0.99821,3.136,0.381,10.81,7
6.46,0.566,0.424,1.2,0.1051,20.4,45.5,0.99823,3.45,0.414,11.8,6
8.07,0.528,0.117,1.69,0.0736,1.0,6.0,0.99678,3.126,0.412,9.06,5
8.53,0.382,0.119,7.51,0.1224,18.7,39.6,0.99735,3.637,0.79,10.9,6
9.22,0.646,0.482,1.21,0.012,9.4,45.7,0.99731,3.065,0.804,11.45,6
9.56,0.696,0.008,1.38,0.1224,34.8,79.0,0.99441,3.425,0.492,9.96,5
6.36,0.24,0.19,3.14,0.0982,20.0,19.1,0.99873,3.447,1.033,11.76,8
5.65,0.391,0.278,2.31,0.0402,9.6,53.2,0.99353,3.406,0.593,10.36,4
10.54,0.39,0.293,1.2,0.0196,21.8,65.0,0.99805,3.176,0.902,9.22,5
8.9,0.36,0.236,1.32,0.0927,16.8,41.6,0.99721,3.148,0.795,9.06,5
7.02,0.676,0.348,1.2,0.1531,1.0,6.0,0.99616,3.507,0.495,11.26,5
11.02,0.493,0.406,8.46,0.0763,24.9,79.7,0.99744,3.472,0.587,11.16,4
8.52,0.481,0.414,1.2,0.0469,11.6,71.1,0.9975,3.47,0.51,12.09,6
10.37,0.169,0.079,1.2,0.096,30.7,54.0,0.99422,3.489,0.429,11.14,5
8.44,0.642,0.216,1.2,0.1726,14.6,47.8,0.99939,3.074,0.615,10.31,4
11.91,0.306,0.504,1.2,0.1073,30.9,6.0,0.99684,3.07,0.454,10.94,5
11.37,0.539,0.445,3.79,0.1124,20.3,72.0,1.0011,3.208,0.628,10.5,7
7.89,0.578,0.003,1.2,0.1445,26.1,95.4,0.9982,3.237,0.987,10.06,7
10.01,0.772,0.34,1.2,0.1092,10.7,9.8,0.99679,3.221,0.776,9.83,5
9.44,0.294,0.0,1.61,0.0503,19.6,90.7,0.99539,3.354,0.563,8.58,5
10.7,0.12,0.28,1.2,0.012,1.0,83.7,0.99649,3.483,0.549,9.63,6
6.64,0.561,0.641,1.2,0.0437,14.5,8.9,0.99698,3.266,0.59,10.4,6
9.51,0.85,0.086,4.12,0.0351,1.0,33.5,0.99948,3.185,1.01,8.4,6
10.16,0.75,0.108,3.69,0.118,3.9,6.0,0.99903,3.436,0.473,9.87,3
5.26,0.566,0.42,6.17,0.1245,6.6,44.3,0.99756,3.268,0.658,11.41,6
6.26,0.44,0.0,4.82,0.0953,22.8,61.2,1.00006,3.328,0.737,11.86,4
4.77,0.672,0.148,2.87,0.0274,14.3,6.0,0.99287,3.26,0.865,9.86,5
7.85,0.354,0.387,1.2,0.171,16.2,59.2,0.99758,3.363,0.601,9.82,5
9.57,0.613,0.147,3.82,0.0674,14.0,67.5,0.99909,3.155,0.494,9.65,5
10.93,0.618,0.225,4.67,0.1154,27.2,68.0,0.99774,3.423,0.707,9.82,5
8.45,0.718,0.416,4.01,0.0893,15.9,61.4,0.99417,3.306,0.881,11.64,6
11.15,1.022,0.353,1.78,0.0968,18.5,6.1,0.99934,3.193,0.612,12.16,5
5.92,0.598,0.323,1.2,0.1137,9.9,42.5,0.99815,3.393,0.515,8.61,3
5.36,0.437,0.205,4.67,0.0543,27.9,58.1,0.99735,3.193,0.677,9.55,6
8.22,0.523,0.343,3.25,0.1484,28.7,94.5,0.99687,3.2,0.382,8.43,5
8.99,0.211,0.247,9.88,0.0128,15.5,46.6,1.00049,3.126,0.621,10.39,7
8.26,0.404,0.36,1.2,0.0382,9.8,60.5,0.99754,3.049,0.858,9.9,7
4.72,0.455,0.174,1.2,0.1477,1.0,15.8,0.99624,3.393,0.807,10.8,6
8.16,0.434,0.235,1.2,0.1147,6.8,8.5,0.99516,3.491,0.634,11.13,7
6.05,0.555,0.078,3.93,0.2064,1.0,6.0,0.99814,3.242,0.94,11.01,5
9.49,0.381,0.264,1.2,0.0902,6.3,32.6,0.99857,3.188,0.983,8.66,4
8.96,0.729,0.113,1.2,0.1669,19.6,114.3,0.99681,3.032,0.771,10.39,5
6.68,0.528,0.054,15.5,0.012,15.3,33.2,0.99564,2.976,0.408,8.61,5
7.43,0.526,0.321,1.2,0.0206,40.2,58.5,0.99923,3.423,0.338,12.28,5
6.48,0.469,0.312,4.51,0.1291,12.0,64.8,0.99501,3.007,0.893,10.04,5
8.21,0.556,0.424,1.2,0.012,11.2,10.6,1.00044,3.135,0.7,8.96,6
9.98,0.676,0.187,4.61,0.0777,27.0,32.2,0.9953,3.355,0.936,9.84,5
6.6,0.373,0.351,2.02,0.1419,1.0,67.0,0.99427,3.325,0.43,10.64,5
9.2,0.41,0.378,5.8,0.1106,1.0,60.6,0.99451,3.361,0.631,11.2,5
7.4,0.474,0.358,6.52,0.0875,22.8,6.0,0.99459,3.312,0.833,11.81,5
6.94,0.287,0.11,1.2,0.0659,13.8,66.0,0.99625,3.256,0.534,10.49,4
8.13,0.381,0.3,1.2,0.0965,14.1,28.3,0.99581,3.136,0.831,10.06,7
6.52,0.443,0.342,1.2,0.1141,6.1,29.2,0.99865,3.213,0.637,11.15,5
7.36,0.685,0.272,2.77,0.0559,18.4,59.8,0.99838,3.266,0.663,11.12,6
6.24,0.575,0.0,5.48,0.1045,7.4,96.6,0.99628,3.02,0.457,10.55,4
11.74,0.563,0.302,1.54,0.1377,16.6,39.9,1.0026,3.19,0.701,11.29,5
8.38,0.68,0.702,2.33,0.0765,3.8,85.3,0.99625,3.254,1.031,9.77,6
7.1,0.503,0.201,1.2,0.0902,14.0,6.0,0.9965,3.205,0.724,10.39,7
8.69,0.598,0.129,4.09,0.1097,37.1,50.8,0.99427,3.258,0.523,8.4,4
8.12,0.51,0.344,8.55,0.1129,11.4,28.7,0.99655,3.414,0.895,11.91,5
7.94,0.575,0.332,1.2,0.1283,14.5,55.7,0.99727,3.433,0.529,9.89,4
9.39,0.424,0.504,1.71,0.0393,13.8,36.7,0.99445,3.544,0.951,11.91,6
9.64,0.12,0.026,1.2,0.0621,17.7,6.0,0.99575,3.079,0.441,9.72,5
7.4,0.504,0.414,2.05,0.0639,20.8,17.3,0.99732,3.246,0.704,10.74,4
7.32,0.783,0.386,1.75,0.0445,18.6,6.0,0.9957,3.5,0.917,10.48,6
7.84,0.694,0.243,1.2,0.012,18.8,6.0,0.99531,3.042,0.511,9.78,5
4.6,0.701,0.337,1.46,0.012,14.0,62.3,0.99819,3.13,0.672,10.93,4
5.68,0.749,0.472,1.2,0.1432,16.9,38.2,0.99426,3.216,0.855,11.79,5
10.7,0.544,0.441,1.84,0.014,13.6,54.1,0.99463,3.626,0.33,12.34,5
11.18,0.563,0.048,2.2,0.1606,1.0,106.2,0.99704,3.161,0.816,11.21,6
7.89,0.417,0.431,1.2,0.1218,43.4,36.7,0.99831,3.478,0.643,9.13,3
9.32,0.471,0.258,3.58,0.0679,23.5,67.3,0.99728,3.307,0.903,8.92,6
8.86,0.638,0.285,3.12,0.116,5.6,47.4,0.99627,3.134,0.517,11.64,6
13.68,0.743,0.285,1.2,0.107,18.3,137.4,0.99612,3.742,0.422,9.35,4
10.27,0.503,0.242,1.2,0.0352,1.8,6.0,0.99862,3.341,0.566,11.08,5
8.1,0.447,0.503,3.52,0.0863,10.7,22.9,0.99833,3.369,0.562,10.56,6
6.66,0.528,0.255,7.76,0.0409,1.0,68.0,0.99679,3.393,0.623,11.83,6
5.52,0.636,0.053,1.2,0.1177,15.3,21.7,0.99617,3.381,0.578,10.97,6
8.67,0.27,0.194,1.2,0.0534,1.0,65.1,0.99677,3.642,0.33,10.39,5
7.0,0.12,0.306,1.2,0.0825,19.9,44.5,0.99532,3.586,0.642,12.63,7
5.85,0.429,0.511,2.15,0.0804,23.0,74.9,0.99641,3.168,0.697,11.3,6
7.19,0.309,0.389,1.2,0.0927,7.2,9.2,0.99577,3.622,0.625,11.01,6
6.44,0.437,0.105,1.2,0.1651,17.6,52.2,0.99651,3.203,0.707,9.69,4
11.26,0.502,0.756,2.99,0.0757,6.7,61.8,0.99584,3.361,0.672,9.19,5
9.85,0.447,0.323,2.05,0.1442,21.2,50.8,0.9977,3.087,0.423,10.14,5
8.31,0.788,0.52,1.22,0.1096,8.7,51.4,0.99825,3.471,0.607,8.82,4
10.9,0.586,0.241,1.36,0.1537,24.1,86.0,0.99598,3.264,0.677,10.08,6
8.45,0.582,0.375,2.06,0.0711,1.0,6.0,0.99516,3.134,0.618,11.28,4
6.82,0.639,0.435,1.2,0.1197,5.4,50.6,0.99805,3.494,0.404,11.47,6
10.97,0.324,0.509,1.2,0.0842,4.3,6.7,0.99705,3.532,0.866,10.05,4
9.26,0.714,0.477,5.33,0.012,18.0,71.4,0.996,3.537,0.493,13.56,6
6.52,0.514,0.441,1.2,0.0358,21.7,18.9,0.99931,3.076,0.447,11.78,6
7.99,0.648,0.21,3.07,0.1144,18.8,6.0,0.99563,3.553,0.665,10.39,4
6.8,0.336,0.16,6.32,0.1113,10.5,72.2,0.99291,3.265,0.604,11.64,6
5.91,0.25,0.336,1.2,0.0261,1.0,37.6,0.99535,3.627,0.76,9.8,6
9.93,0.674,0.453,1.2,0.0974,16.3,58.2,0.99977,3.407,0.806,10.69,5
11.64,0.595,0.228,2.1,0.1107,24.1,93.4,0.9961,3.35,0.78,10.03,5
5.89,0.367,0.479,5.34,0.0854,43.9,58.7,0.99572,3.312,0.658,9.12,5
9.3,0.372,0.554,7.11,0.1213,11.4,52.0,0.99675,3.309,0.752,10.99,4
7.19,0.729,0.092,3.36,0.1149,8.9,44.9,0.99862,3.206,0.393,10.41,4
7.47,0.315,0.108,1.2,0.0853,19.2,8.7,0.99654,3.147,0.844,10.49,6
7.29,0.822,0.244,2.77,0.063,13.2,39.4,0.99782,3.255,0.589,10.39,4
6.82,0.367,0.331,1.32,0.136,29.2,111.4,0.99634,3.494,0.993,9.46,5
8.4,0.642,0.169,1.59,0.1088,7.4,34.1,0.99784,3.096,0.849,12.12,7
6.87,0.469,0.535,1.2,0.0221,13.3,41.3,0.99704,3.517,0.624,10.69,5
8.79,0.636,0.354,1.2,0.0974,25.0,87.8,0.99594,3.333,0.662,10.13,5
8.23,0.431,0.279,3.91,0.0329,19.1,6.0,0.99719,3.431,0.859,9.02,6
7.9,0.499,0.0,1.51,0.0417,28.0,66.9,0.99567,3.439,0.33,11.92,5
6.74,0.535,0.014,1.2,0.0564,11.3,6.0,0.99408,3.454,0.631,11.4,6
7.32,0.349,0.326,1.21,0.0891,29.1,59.6,0.99666,3.314,0.947,10.42,7
9.63,0.661,0.0,4.82,0.1046,1.0,45.7,0.99425,3.319,0.802,9.05,5
9.19,0.436,0.468,3.46,0.0678,1.0,66.6,0.99784,3.449,0.516,12.2,7
6.62,0.487,0.24,1.2,0.0698,29.2,13.2,0.99663,3.151,0.711,10.03,4
8.49,0.35,0.903,1.2,0.0633,15.9,28.9,0.9994,3.127,0.492,9.7,4
9.63,0.12,0.721,1.2,0.1362,25.5,68.3,0.99607,3.239,0.6,10.37,5
5.42,0.494,0.236,6.34,0.012,16.9,29.7,0.99666,3.355,0.715,10.82,5
9.27,0.96,0.25,2.18,0.0725,15.8,71.3,0.99391,3.607,0.745,10.24,4
7.17,0.668,0.465,1.91,0.1596,2.0,53.4,0.9946,3.318,0.782,8.4,5
9.31,0.525,0.603,2.27,0.1113,15.6,31.8,0.99351,3.619,0.868,10.69,6
6.99,0.481,0.0,1.2,0.1465,30.1,36.1,0.99875,3.39,0.455,11.41,5
5.18,0.532,0.0,4.11,0.012,16.5,46.6,0.99583,3.241,0.662,9.47,5
5.49,0.626,0.15,1.85,0.0286,23.0,39.2,0.99922,3.488,0.513,12.09,5
8.4,0.317,0.385,1.2,0.1112,22.7,70.5,0.99161,3.274,0.59,11.36,5
8.77,0.727,0.368,1.2,0.1599,5.3,34.3,0.99964,3.35,0.53,10.92,6
6.75,0.656,0.48,1.92,0.0334,24.8,27.6,0.99657,3.105,0.743,9.33,4
9.43,0.657,0.037,6.89,0.0688,12.6,76.4,0.99735,3.079,0.837,10.72,6
5.43,0.606,0.0,1.2,0.1059,13.2,32.6,0.99468,3.396,0.846,10.8,7
8.21,0.532,0.438,5.09,0.0187,37.8,28.7,0.9977,3.481,0.47,10.33,6
6.21,0.648,0.11,3.61,0.1115,22.1,6.0,0.99599,3.611,0.637,11.37,4
7.19,0.634,0.0,1.2,0.012,9.2,12.3,0.99443,3.186,0.465,10.03,4
8.4,0.465,0.299,1.2,0.1101,16.5,18.9,0.99441,3.536,0.46,10.13,6
6.82,0.425,0.426,1.2,0.0402,16.3,28.7,0.99437,3.513,0.546,9.71,5
7.65,0.546,0.247,3.26,0.066,33.5,22.7,0.99742,3.235,0.716,9.94,5
10.07,0.805,0.182,1.2,0.1176,16.3,78.8,0.99549,3.525,0.746,10.26,5
7.32,0.306,0.24,1.2,0.108,39.0,21.0,0.99358,3.456,0.769,10.22,5
9.77,0.265,0.199,1.74,0.0866,2.3,23.4,0.9974,3.487,0.759,10.17,6
6.35,0.557,0.008,3.23,0.1325,15.5,51.6,0.99257,3.645,0.514,11.41,4
9.24,0.537,0.132,1.2,0.012,7.9,10.2,0.99923,3.481,0.859,12.03,7
10.83,0.559,0.373,1.3,0.0966,10.7,97.9,1.00047,2.982,0.795,9.05,4
4.6,0.572,0.334,1.66,0.0499,10.9,72.9,0.99421,3.361,0.588,12.0,6
6.93,0.488,0.304,1.95,0.1301,8.4,8.0,0.9987,3.07,0.594,11.14,5
9.32,0.795,0.077,4.26,0.1193,34.0,79.8,0.99736,3.334,0.546,9.46,5
7.97,0.241,0.236,1.2,0.121,30.7,86.7,0.99575,3.325,0.438,10.07,6
8.97,0.38,0.0,4.12,0.1643,20.1,8.9,0.99584,3.221,0.771,10.72,6
7.27,0.51,0.306,2.95,0.1399,10.9,8.1,0.99794,3.153,0.798,8.65,4
8.47,0.234,0.55,2.03,0.0796,8.7,26.4,0.99662,3.229,0.501,10.33,5
8.05,0.497,0.0,3.01,0.0869,23.6,6.0,0.99177,3.259,0.449,10.98,7
10.35,0.825,0.157,1.33,0.1152,19.0,20.8,1.00064,3.291,0.499,9.62,5
8.76,0.532,0.335,1.2,0.0934,14.4,33.3,0.99752,3.327,0.677,8.84,5
8.91,0.569,0.515,2.74,0.1201,21.5,63.1,0.9966,3.401,0.423,10.63,4
7.6,0.302,0.184,1.86,0.012,25.2,49.1,0.99533,3.263,0.85,12.78,5
7.47,0.418,0.136,2.55,0.1754,14.3,41.6,0.99634,3.508,0.84,9.66,6
7.57,0.461,0.0,1.2,0.0899,7.6,30.6,0.99911,3.305,0.73,9.68,5
9.01,0.471,0.291,5.93,0.012,2.1,6.0,0.9972,3.453,0.796,10.21,7
7.59,0.757,0.669,2.21,0.0441,18.5,65.9,0.99741,3.264,0.668,12.1,6
8.82,0.628,0.325,1.2,0.012,38.5,65.2,0.99433,3.734,0.737,8.65,6
11.93,0.329,0.267,1.49,0.0358,4.3,26.2,0.99604,3.383,0.437,11.24,6
9.84,0.572,0.334,3.53,0.0803,27.4,10.2,0.9968,3.563,0.894,9.92,5
7.75,0.617,0.269,3.95,0.1582,8.8,97.7,0.99802,3.204,0.575,10.01,5
10.41,0.732,0.112,1.71,0.1063,10.9,54.6,0.99591,3.242,0.636,9.34,5
7.61,0.811,0.432,5.63,0.0979,25.4,59.5,0.99846,3.272,1.081,10.15,5
4.77,0.346,0.315,1.2,0.0337,13.2,61.0,0.99453,3.692,0.621,9.37,4
6.57,0.383,0.274,1.32,0.0482,18.5,6.9,0.99683,3.278,0.784,9.84,4
5.06,0.303,0.081,5.72,0.0519,18.3,95.8,0.99651,3.184,0.745,8.4,6
7.71,0.486,0.525,5.66,0.0538,8.8,33.2,0.99382,3.511,0.431,8.56,5
8.35,0.611,0.401,2.89,0.0705,25.2,73.5,0.99661,3.32,0.488,10.78,6
11.24,0.705,0.163,4.9,0.074,15.2,94.5,0.99559,3.277,1.004,11.77,5
8.89,0.514,0.466,1.2,0.0711,1.3,49.1,0.99939,3.217,0.756,13.88,6
7.94,0.471,0.174,5.01,0.0554,6.5,7.6,0.99592,3.386,0.655,11.41,6
9.76,0.555,0.119,1.2,0.0933,1.0,6.0,0.99737,3.475,0.567,9.87,6
4.6,0.379,0.123,1.2,0.0722,16.4,45.2,0.99436,3.432,0.712,8.4,5
8.73,0.902,0.0,1.2,0.012,29.5,54.7,0.99715,3.237,0.729,11.0,4
9.66,0.24,0.363,1.35,0.0886,4.9,27.4,0.99591,3.159,0.697,8.87,6
5.75,0.561,0.0,1.2,0.0815,22.0,50.9,0.99523,2.74,0.84,9.56,5
10.31,0.89,0.031,1.2,0.0128,20.4,60.6,1.00208,3.165,0.511,11.37,4
8.91,0.529,0.0,1.2,0.0592,8.0,79.2,0.99603,3.254,0.488,10.73,5
7.6,0.494,0.254,1.2,0.1151,31.9,39.0,0.9963,3.302,0.835,9.43,4
9.42,0.464,0.242,2.12,0.0336,13.0,45.0,0.99841,3.269,1.017,8.59,6
12.27,0.496,0.207,1.46,0.0286,36.9,40.6,0.99524,3.742,0.801,10.65,4
8.64,0.774,0.068,1.2,0.0717,1.0,47.6,0.99747,3.387,0.879,10.78,5
8.75,0.132,0.042,3.43,0.1163,13.1,29.6,0.99767,3.12,0.645,12.03,6
7.52,0.802,0.362,5.6,0.1721,14.3,29.4,0.99716,3.412,0.703,8.4,4
6.84,0.273,0.164,3.53,0.118,15.4,31.5,1.00106,3.371,0.701,10.55,7
9.76,0.48,0.333,1.2,0.138,23.4,51.6,0.99517,3.149,0.649,11.4,6
6.83,0.451,0.098,3.41,0.1033,51.4,18.6,0.99962,3.355,0.898,9.97,5
8.44,0.633,0.306,1.2,0.0548,20.6,31.6,0.9976,3.393,0.848,8.71,5
7.49,0.242,0.525,1.2,0.1176,16.1,106.0,0.99843,3.469,0.59,9.43,6
9.15,0.611,0.385,1.2,0.083,4.4,76.0,0.99735,3.038,0.378,10.46,5
8.9,0.89,0.191,4.12,0.1047,1.0,15.0,1.00027,3.411,0.647,9.9,6
10.13,0.284,0.321,1.2,0.0425,28.1,74.9,0.99609,3.528,0.462,10.75,6
7.43,0.562,0.224,1.2,0.1089,10.2,67.1,0.99764,3.602,0.662,11.79,6
7.85,0.41,0.273,1.2,0.0813,43.1,43.1,0.99918,3.122,0.475,9.99,5
6.62,0.604,0.208,4.89,0.0979,25.0,23.2,0.99564,3.289,0.872,11.73,8
7.55,0.531,0.239,2.51,0.083,19.4,19.4,0.9986,3.303,0.774,10.3,4
8.98,0.413,0.312,1.2,0.074,20.0,53.8,0.99666,3.415,0.77,10.78,5
9.64,0.615,0.077,2.03,0.1098,20.1,18.6,0.99435,3.286,0.84,10.29,5
6.72,0.851,0.073,1.87,0.0679,8.6,82.6,0.99394,3.201,0.724,10.81,6
9.83,0.494,0.0,2.66,0.0123,1.0,91.9,0.99653,3.344,0.751,11.0,3
10.68,0.657,0.0,1.2,0.012,10.1,45.1,0.99858,3.259,0.902,11.11,4
9.04,0.297,0.034,5.0,0.0957,15.7,83.9,0.99275,3.398,0.635,10.42,5
11.59,0.357,0.302,1.2,0.066,9.1,32.9,0.99708,3.186,0.761,8.4,7
6.97,0.613,0.097,2.96,0.012,2.4,23.0,0.9984,3.154,0.479,11.06,5
6.15,0.794,0.371,1.2,0.092,8.0,82.7,0.99427,3.514,0.671,8.4,3
5.23,0.592,0.278,1.2,0.0826,26.7,98.4,0.9955,3.661,1.042,9.77,6
10.92,0.472,0.0,1.2,0.0635,23.7,111.1,0.99779,3.592,0.797,8.4,6
9.46,0.528,0.399,1.96,0.0986,17.7,57.4,0.99831,3.3,0.643,12.24,5
8.22,0.304,0.429,1.2,0.1488,22.0,74.8,0.99975,3.473,0.703,10.87,6
8.81,0.636,0.077,3.9,0.1474,4.0,56.7,0.99559,3.205,0.654,10.07,5
6.36,0.686,0.353,1.2,0.0938,7.5,92.6,0.99515,3.389,0.697,11.94,6
12.58,0.447,0.104,2.83,0.083,19.1,60.7,0.99984,3.221,0.59,10.99,5
8.54,0.444,0.29,4.06,0.0944,5.4,73.0,0.99527,3.505,0.742,10.55,6
8.51,0.576,0.024,2.06,0.1015,17.0,9.1,0.99766,3.484,0.748,10.84,6
9.58,0.45,0.0,3.38,0.0744,2.7,38.9,1.00085,3.631,0.659,10.01,6
9.16,0.516,0.196,2.71,0.0952,1.0,73.2,0.99813,3.276,0.682,9.09,3
8.71,0.904,0.247,1.2,0.013,23.6,70.3,0.99819,3.554,0.716,11.45,4
6.94,0.484,0.193,4.14,0.0908,26.6,76.0,0.99913,3.389,0.568,10.34,4
9.14,0.464,0.04,1.2,0.1094,9.3,50.4,0.9977,3.323,0.74,8.54,5
11.59,0.412,0.193,2.12,0.064,1.0,25.0,0.9982,3.363,0.791,10.96,6
10.66,0.661,0.324,3.42,0.0825,1.0,44.5,0.99605,3.572,0.907,10.46,4
11.09,0.496,0.262,1.2,0.0348,35.1,48.0,0.9989,3.291,0.712,12.24,6
7.43,0.412,0.307,1.2,0.0282,17.0,54.4,0.99749,3.299,0.564,10.71,6
6.6,0.765,0.14,1.54,0.0969,9.5,14.6,0.99389,2.993,0.641,9.16,5
8.1,0.782,0.499,4.26,0.0527,12.1,37.7,0.99716,3.288,0.464,8.5,4
8.42,0.421,0.042,6.65,0.012,1.0,43.6,0.99258,3.352,0.782,11.77,6
10.22,0.194,0.366,1.97,0.0347,22.4,6.0,0.99806,3.194,0.33,10.35,4
5.38,0.708,0.501,2.71,0.0416,36.8,73.9,0.99626,3.156,0.832,9.49,6
10.98,0.405,0.365,5.84,0.1234,7.7,51.9,1.00032,3.026,0.853,9.65,6
8.05,0.67,0.232,1.2,0.0954,40.8,55.2,0.99763,3.221,0.33,11.81,4
7.58,0.175,0.168,1.2,0.046,14.7,29.5,0.99846,3.53,0.875,10.92,7
6.56,0.688,0.473,3.09,0.0594,33.3,65.8,0.99471,3.083,0.833,11.59,6
5.44,0.311,0.0,4.34,0.1487,19.1,19.1,0.998,3.433,0.609,10.68,6
9.75,0.659,0.082,4.86,0.131,19.1,24.3,0.99548,3.446,0.455,9.52,4
8.45,0.531,0.193,1.34,0.0345,35.2,67.1,0.99877,3.689,0.516,12.33,5
6.08,0.357,0.512,1.2,0.1417,24.1,58.2,0.99458,3.471,0.529,10.0,4
6.07,0.455,0.345,1.44,0.0832,19.8,6.0,0.99691,3.458,0.882,11.28,8
7.74,0.651,0.082,1.2,0.1246,1.0,98.4,0.9945,3.368,0.582,11.58,4
11.22,0.547,0.21,1.2,0.0793,1.0,21.5,0.99694,3.311,0.812,10.43,5
7.87,0.633,0.151,3.7,0.1427,20.7,42.1,1.00054,3.442,0.637,9.23,4
5.7,0.882,0.133,1.2,0.0325,31.2,103.9,0.99807,3.503,0.667,9.69,4
7.89,0.248,0.462,4.39,0.075,17.2,6.0,0.99664,3.337,0.391,11.14,7
7.85,0.817,0.004,1.4,0.1442,9.7,6.0,0.99202,3.51,0.463,10.99,5
4.6,0.547,0.585,2.27,0.012,1.0,61.0,0.99568,3.755,0.878,11.81,7
8.23,0.367,0.433,1.2,0.0848,7.7,6.0,0.9976,3.322,0.632,11.64,6
7.92,0.29,0.484,1.2,0.0685,17.2,6.0,0.99573,3.326,0.709,9.4,5
9.53,0.494,0.181,1.2,0.1192,6.9,85.1,0.99941,3.297,0.965,11.96,5
11.54,0.693,0.242,8.15,0.1373,5.8,33.0,0.99684,3.332,0.636,9.32,6
10.28,0.505,0.0,4.12,0.1213,15.3,118.7,0.99875,3.499,0.627,11.06,6
7.85,0.798,0.169,1.54,0.0983,31.0,12.4,0.99709,3.324,0.863,13.01,6
6.39,0.268,0.367,1.2,0.0889,23.0,36.0,0.99618,3.34,0.66,10.75,6
12.8,0.526,0.524,6.77,0.0709,18.9,64.3,0.9958,3.273,0.712,8.52,4
8.42,0.304,0.055,1.2,0.0969,17.8,62.0,0.99478,3.386,0.827,10.07,6
8.34,0.593,0.2,1.2,0.1556,21.6,38.1,0.99878,3.234,0.658,12.75,6
8.28,0.687,0.241,2.07,0.048,14.7,25.1,0.99589,3.122,0.792,10.2,6
8.66,0.453,0.0,7.2,0.0681,11.6,54.1,0.99769,3.38,0.638,11.84,6
8.07,0.12,0.386,1.2,0.0835,23.6,91.8,0.9957,3.616,0.825,9.4,7
7.32,0.564,0.13,1.2,0.134,13.5,71.6,0.99464,3.266,0.73,10.04,5
7.37,0.606,0.233,6.97,0.0975,3.4,25.7,0.99775,3.151,0.62,10.19,6
8.26,0.6,0.183,1.2,0.1332,31.0,13.8,0.99528,3.606,0.671,12.51,6
7.37,0.749,0.117,1.2,0.1356,1.0,23.7,0.99594,3.318,0.33,10.09,4
7.08,0.336,0.27,2.11,0.1148,31.8,6.0,0.99433,3.456,0.861,8.4,6
8.51,0.65,0.229,4.95,0.037,21.2,51.3,0.99576,3.199,0.445,12.97,6
7.88,0.741,0.198,1.62,0.1651,5.7,73.2,0.99675,3.313,0.476,10.66,5
10.94,0.21,0.129,13.04,0.1534,16.1,44.1,0.99615,3.527,0.584,11.12,5
4.6,0.585,0.333,2.84,0.09,11.4,103.1,0.99825,3.331,0.353,8.7,5
10.22,0.438,0.593,1.2,0.0221,24.3,104.9,0.99698,3.333,0.737,10.7,5
10.49,0.513,0.298,12.35,0.0137,24.1,56.6,1.00257,3.082,0.719,10.44,6
4.71,0.59,0.465,1.31,0.099,20.7,69.6,0.99751,3.432,0.575,9.39,4
7.72,0.441,0.0,1.2,0.054,23.7,16.8,0.9934,3.19,0.543,11.13,5
7.67,0.407,0.302,2.04,0.012,14.7,34.6,0.9963,3.483,0.54,8.59,5
5.87,0.534,0.057,1.2,0.0128,34.3,88.3,0.99646,3.342,0.763,9.38,6
6.97,0.333,0.0,1.2,0.0649,28.7,27.4,0.99553,3.356,0.387,11.72,6
6.39,0.334,0.127,1.2,0.0962,10.9,95.4,0.99684,3.43,0.588,9.64,5
11.37,0.65,0.503,1.49,0.1531,24.4,83.1,0.99548,3.369,0.398,9.89,5
9.95,0.322,0.456,4.53,0.1098,23.4,71.2,0.99733,3.576,0.789,10.52,6
10.53,0.647,0.318,2.12,0.0691,13.2,7.9,0.99307,3.551,0.601,10.02,5
9.58,0.611,0.0,15.5,0.1049,12.3,36.2,0.99887,3.124,0.751,11.16,5
6.36,0.219,0.233,1.2,0.1007,28.6,67.7,0.9937,3.285,0.87,10.61,5
7.41,0.407,0.33,1.2,0.1218,15.7,14.0,0.9962,3.44,0.873,8.81,6
9.17,0.742,0.305,1.2,0.0851,18.6,40.2,0.99531,3.166,0.484,9.63,4
6.19,0.352,0.0,1.2,0.1357,30.5,71.2,0.99728,3.07,0.711,9.52,6
9.56,0.445,0.097,1.2,0.1257,42.4,27.8,0.99635,3.194,0.849,9.92,5
7.9,0.611,0.259,3.94,0.0909,10.4,18.6,0.99718,3.293,0.776,10.54,5
7.67,0.668,0.376,5.9,0.0814,13.6,6.0,0.99881,2.74,0.793,10.75,5
9.56,0.483,0.0,9.23,0.1302,16.6,33.7,0.99816,3.139,0.355,8.4,4
9.09,0.421,0.239,1.2,0.0535,16.9,71.9,0.99677,3.037,0.774,11.52,6
7.69,0.783,0.299,5.33,0.0162,19.8,17.8,0.99757,3.488,0.523,10.32,6
10.34,0.839,0.437,1.2,0.0159,10.7,47.1,1.00042,3.454,0.771,9.22,5
6.44,0.703,0.406,1.2,0.0496,2.6,39.1,0.99823,3.354,0.767,11.44,4
9.39,0.543,0.385,5.1,0.118,34.2,24.5,0.99614,3.326,0.758,8.4,4
9.35,0.383,0.115,2.53,0.0671,22.3,74.0,0.99913,3.395,0.639,8.73,4
7.78,0.379,0.0,1.2,0.0966,11.5,100.5,0.99744,3.157,0.882,12.7,6
8.89,0.622,0.194,1.4,0.0637,20.4,79.5,0.99487,3.504,0.745,10.58,7
6.14,0.603,0.466,1.2,0.0641,35.0,23.6,0.99636,3.325,0.713,9.63,5
9.93,0.779,0.543,3.34,0.0388,7.6,112.0,0.9939,3.452,0.499,10.54,7
8.0,0.644,0.41,1.51,0.0827,18.1,79.4,0.99236,3.446,0.725,10.23,5
7.41,0.259,0.355,11.34,0.0788,1.3,31.4,0.9949,3.393,0.994,10.46,6
10.15,0.716,0.345,1.2,0.1064,14.6,21.0,0.99693,3.359,0.422,10.94,5
7.09,0.349,0.163,1.2,0.1005,22.3,83.4,0.99694,3.348,0.782,10.21,5
5.87,0.459,0.246,1.64,0.0777,4.2,52.2,0.99402,3.301,0.804,10.8,6
5.61,0.573,0.596,1.75,0.0162,13.9,18.5,0.99218,3.385,0.951,10.25,4
9.37,0.885,0.087,1.2,0.1373,24.2,41.6,0.99949,3.343,0.781,9.54,4
6.09,1.085,0.586,3.27,0.083,22.0,33.1,0.99688,3.236,0.66,9.24,3
11.37,0.637,0.208,5.19,0.0907,3.8,19.4,0.99966,3.405,0.73,11.83,6
4.7,0.495,0.529,6.98,0.1622,19.8,79.8,0.99955,3.354,0.612,11.11,4
11.27,0.624,0.0,4.09,0.1297,21.7,72.2,0.9981,3.497,0.865,11.53,6
8.69,0.687,0.385,4.75,0.108,17.0,74.1,0.99681,3.032,0.395,10.42,5
8.15,0.471,0.127,2.0,0.0869,27.3,73.6,0.99594,3.317,0.575,10.66,6
7.37,0.849,0.0,4.37,0.0865,9.7,16.3,0.99807,3.199,0.734,10.23,4
9.01,0.569,0.314,1.2,0.0983,20.2,26.6,0.9964,3.231,0.857,11.66,5
8.25,0.617,0.468,1.27,0.1061,3.7,94.5,0.99558,3.397,0.656,10.05,5
10.24,0.647,0.106,1.2,0.1674,1.0,50.0,0.99271,3.09,0.525,9.37,5
8.52,0.603,0.0,1.57,0.2032,24.0,6.0,0.99654,3.332,0.622,10.98,7
8.58,0.678,0.253,1.2,0.1006,16.1,53.6,0.99878,3.316,0.596,10.26,5
7.69,0.418,0.254,8.15,0.012,11.0,68.0,0.99909,3.149,0.603,10.69,4
8.22,0.428,0.378,1.2,0.0423,4.7,63.7,0.9968,3.335,0.584,11.18,5
8.86,0.331,0.456,1.2,0.1721,24.5,15.6,0.99501,3.194,0.584,9.8,4
5.34,0.607,0.259,1.87,0.1208,1.0,108.5,0.99842,3.649,0.366,10.19,4
5.97,0.667,0.633,1.2,0.107,26.3,6.0,0.99667,3.496,0.709,10.09,5
9.61,0.61,0.315,1.2,0.0792,20.6,50.1,0.99601,3.321,0.773,11.8,5
8.62,0.828,0.203,1.2,0.0311,1.0,103.6,0.99393,3.245,0.913,10.44,4
8.0,0.527,0.0,1.56,0.1659,17.2,65.9,1.0007,3.389,0.804,10.59,4
8.35,0.648,0.22,1.42,0.0483,43.6,74.0,0.9981,3.429,0.796,9.18,5
8.92,0.333,0.205,4.02,0.1213,28.3,11.8,0.99831,3.35,0.708,11.2,6
7.38,0.459,0.458,3.36,0.0259,7.2,57.9,0.99506,3.155,0.358,10.88,4
6.97,0.653,0.361,1.39,0.0769,23.4,45.3,0.99685,3.279,0.706,9.53,5
8.66,0.68,0.041,1.2,0.1337,1.1,9.3,0.99655,3.323,0.677,12.48,6
6.62,0.475,0.305,1.2,0.0753,1.5,74.9,0.99819,3.356,0.833,10.78,3
9.03,0.515,0.402,3.72,0.0697,15.2,19.5,0.99928,3.359,0.754,9.75,7
5.36,0.256,0.569,1.2,0.0875,21.6,23.4,0.99397,3.424,0.636,10.42,6
10.11,0.464,0.444,1.2,0.0242,24.4,60.7,0.99466,3.518,0.991,10.03,7
9.14,0.687,0.419,3.97,0.0154,24.5,41.8,0.99793,3.467,0.802,12.07,5
8.77,0.631,0.283,1.62,0.1206,21.0,52.0,0.99573,3.402,0.716,11.42,6
10.03,0.618,0.347,1.2,0.0672,1.0,39.7,0.99825,3.117,0.735,10.91,6
11.22,0.537,0.515,1.2,0.1202,15.2,93.0,0.99599,3.494,0.668,12.26,5
10.09,0.529,0.011,6.74,0.1396,26.0,16.0,0.99433,3.437,0.661,9.31,5
5.12,0.41,0.203,4.91,0.1433,20.5,31.2,0.99336,3.272,0.33,11.25,5
6.09,0.653,0.12,3.09,0.012,17.8,62.3,0.99762,3.316,0.502,11.01,5
7.23,0.603,0.345,1.65,0.0542,19.3,14.0,0.99767,3.321,0.566,10.17,5
8.37,0.616,0.511,1.84,0.1123,19.1,12.5,0.99854,3.244,0.735,10.18,5
9.22,0.434,0.155,9.25,0.113,1.0,51.0,0.99732,3.042,0.377,11.41,5
7.06,0.143,0.0,8.44,0.1927,28.0,75.0,0.99,3.139,0.569,11.33,5
8.64,0.724,0.191,1.2,0.0443,14.7,79.3,0.99766,3.171,0.548,8.9,5
7.01,0.442,0.449,4.17,0.1419,23.3,49.5,0.99393,3.008,0.678,12.36,6
7.26,0.374,0.376,1.2,0.1045,1.0,24.4,0.99315,3.14,0.735,11.64,6
5.87,0.652,0.354,1.2,0.012,33.2,55.5,0.99292,3.487,0.548,10.12,4
6.71,0.458,0.216,2.82,0.0613,3.8,65.1,0.99275,3.386,0.56,9.57,5
5.97,0.718,0.022,1.3,0.0993,42.5,55.1,0.99723,3.161,0.542,11.61,4
6.62,0.638,0.371,6.7,0.012,38.0,87.1,0.99531,3.205,0.592,10.95,7
10.15,0.65,0.108,1.2,0.012,2.0,13.1,0.99381,3.5,0.649,11.19,5
6.67,0.283,0.697,1.79,0.012,24.4,23.5,0.99674,3.496,0.882,11.03,6
12.9,0.745,0.382,6.27,0.0992,5.2,82.5,0.9946,3.322,0.486,11.72,4
9.18,0.575,0.158,5.86,0.0642,9.2,6.0,0.99856,3.492,0.956,11.34,6
8.64,0.462,0.152,1.2,0.0579,9.4,28.7,0.99946,3.193,0.448,9.85,6
6.83,0.554,0.253,1.2,0.0595,20.6,22.4,0.99629,3.346,0.82,9.79,4
9.54,0.21,0.224,2.41,0.0201,19.3,6.0,0.99932,3.084,0.577,10.8,6
7.32,0.601,0.489,1.2,0.0655,3.3,40.3,0.99931,3.255,0.503,12.87,5
8.53,0.344,0.307,8.61,0.012,20.5,71.0,0.99686,3.315,0.882,10.26,6
12.77,0.286,0.128,6.16,0.1428,13.7,51.6,0.99999,3.052,0.672,10.81,6
8.15,0.255,0.64,1.2,0.1665,1.0,72.8,0.99552,3.402,0.665,11.38,5
10.32,0.727,0.281,1.2,0.012,11.3,85.7,0.99299,3.428,0.611,9.97,4
7.1,0.415,0.421,1.2,0.065,33.2,33.8,0.99375,3.467,0.559,11.27,5
8.26,0.803,0.152,6.0,0.068,11.7,133.6,0.99543,3.67,0.628,10.43,6
11.4,0.432,0.342,1.2,0.0788,1.0,35.1,0.99772,3.375,0.33,11.76,6
7.23,0.222,0.332,1.35,0.1341,24.4,39.5,0.99451,3.301,0.343,9.41,5
11.47,0.328,0.0,1.49,0.0651,6.2,23.2,0.99542,3.064,0.725,12.9,6
9.55,0.749,0.664,2.28,0.0829,18.1,64.4,0.99433,3.371,0.859,10.09,5
7.34,0.5,0.523,1.2,0.227,14.1,36.9,0.99546,3.397,0.89,10.98,4
9.42,0.43,0.194,1.2,0.0818,34.3,43.9,0.99925,3.102,0.495,10.43,6
10.01,0.557,0.056,6.7,0.17,14.1,39.7,0.99738,3.274,0.691,9.27,5
9.4,0.618,0.339,5.98,0.1106,3.9,39.0,0.9956,3.313,0.33,11.31,5
5.59,0.728,0.288,3.8,0.061,11.0,51.7,0.99902,3.393,0.598,10.14,4
7.05,0.787,0.34,1.2,0.0531,3.0,31.7,0.99675,3.443,0.798,10.98,5
7.89,0.464,0.308,1.2,0.0867,13.7,33.2,0.99695,3.228,0.655,9.56,5
8.19,0.291,0.37,2.47,0.0341,34.4,81.8,0.99887,3.342,0.602,10.14,5
9.4,0.454,0.553,1.2,0.0464,28.9,36.8,0.99605,3.399,0.656,10.1,5
8.63,0.575,0.382,6.01,0.0671,37.2,59.1,0.99844,3.283,0.876,11.01,6
6.0,0.355,0.066,2.51,0.1008,20.9,17.2,0.99831,3.246,0.616,10.75,6
8.98,0.357,0.537,1.2,0.1728,17.4,31.8,0.99642,3.421,0.67,10.23,5
9.38,0.59,0.591,5.99,0.0642,5.4,6.0,0.99405,3.284,0.916,10.02,6
9.29,0.519,0.886,7.91,0.1087,18.7,107.5,0.99672,3.127,0.619,10.76,6
10.2,0.534,0.052,1.2,0.012,14.5,91.7,0.99886,3.522,0.38,10.63,4
9.77,0.392,0.318,1.9,0.1368,24.0,66.1,0.99826,3.144,0.891,10.56,6
9.12,0.487,0.0,1.2,0.012,4.1,117.2,0.99995,3.296,0.831,12.53,7
8.2,0.363,0.379,1.25,0.1245,16.4,71.8,0.99577,3.361,0.33,11.01,5
5.43,0.687,0.164,1.2,0.0832,1.0,40.8,0.99818,3.381,0.636,12.48,4
9.07,0.713,0.646,2.16,0.0813,19.4,58.7,0.99479,3.337,0.654,10.35,3
8.68,0.198,0.12,7.92,0.0729,22.9,91.2,0.99708,2.858,0.891,10.37,6
8.79,0.362,0.0,1.75,0.0258,1.0,17.5,0.9988,3.203,0.656,9.88,5
6.1,0.26,0.179,1.2,0.0283,1.9,7.9,0.99842,3.357,0.686,10.74,6
6.44,0.412,0.0,2.42,0.1263,2.3,59.8,0.9969,3.294,0.691,10.07,5
10.15,0.513,0.417,1.2,0.0876,14.0,27.2,0.99619,3.39,0.579,9.92,4
8.25,0.269,0.0,4.84,0.0725,1.3,6.0,0.99481,3.468,0.879,8.4,5
9.51,0.363,0.277,1.43,0.1078,30.3,6.0,0.99627,3.389,0.523,11.99,6
8.37,0.348,0.0,1.2,0.0918,20.4,36.2,0.99421,3.199,0.575,10.01,6
8.37,0.565,0.209,1.2,0.0497,22.1,48.1,0.99605,3.228,0.657,12.0,5
9.95,0.54,0.591,3.66,0.2027,1.0,49.0,0.99327,3.562,0.431,10.32,4
7.42,0.399,0.341,1.2,0.1218,29.4,112.4,0.99419,3.283,0.958,11.11,6
8.49,0.56,0.103,3.64,0.093,22.7,39.6,0.99832,3.296,0.658,10.5,5
7.52,0.43,0.265,1.2,0.0629,8.7,55.6,0.99811,3.39,0.798,10.86,5
7.56,0.479,0.275,1.2,0.1318,1.0,6.0,0.99615,3.502,0.495,9.34,3
7.78,0.828,0.363,1.57,0.05,15.1,45.4,0.99682,3.172,0.779,11.69,6
8.71,0.768,0.004,7.17,0.046,11.0,57.5,0.99708,3.235,0.793,10.03,4
7.49,0.295,0.387,6.71,0.1666,11.4,6.0,0.99757,3.064,0.818,11.41,6
10.51,0.677,0.0,1.2,0.0884,8.5,15.7,0.99737,3.265,0.982,8.86,5
6.76,0.673,0.148,1.2,0.0511,23.4,62.6,0.99416,3.398,0.563,9.61,4
7.99,0.322,0.176,1.2,0.0873,1.0,28.5,0.99206,3.255,0.626,10.82,6
7.55,0.675,0.394,1.78,0.127,30.8,43.1,0.99477,3.582,0.514,10.24,4
10.84,0.803,0.275,1.54,0.1162,26.3,64.3,0.99641,3.329,0.642,10.91,3
8.66,0.327,0.0,5.78,0.1328,18.1,113.5,0.99852,3.295,0.771,10.64,4
10.12,0.364,0.079,6.65,0.0283,14.4,39.2,0.99715,3.257,0.762,12.38,6
5.74,0.71,0.31,1.21,0.1316,27.2,104.7,0.99772,3.102,0.937,11.0,6
8.78,0.577,0.256,1.69,0.0786,15.4,6.0,0.995,3.297,0.741,9.96,5
9.87,0.627,0.158,5.66,0.0912,13.0,51.4,0.99657,3.366,0.658,10.0,6
8.46,0.589,0.177,4.11,0.1438,27.8,35.5,0.99682,3.293,0.472,11.71,6
10.17,0.598,0.407,1.2,0.12,37.8,29.0,0.99526,3.347,0.805,8.78,5
7.42,0.291,0.17,1.2,0.1035,5.7,68.1,0.99467,3.208,0.631,11.02,7
10.77,0.715,0.254,1.37,0.012,20.3,39.4,0.99627,3.119,0.809,9.23,6
12.32,0.737,0.694,1.2,0.0849,4.5,6.0,0.99796,3.295,0.586,11.61,6
7.69,0.487,0.0,1.2,0.0501,21.1,6.0,0.99498,3.345,0.862,9.96,4
7.54,0.52,0.0,1.2,0.1204,7.7,70.2,0.9963,3.285,0.724,10.98,5
10.85,0.254,0.424,2.58,0.1336,28.5,6.0,0.99927,3.342,0.827,10.46,5
11.07,0.62,0.139,1.2,0.0728,14.8,71.1,0.99571,3.431,0.724,8.94,6
7.41,0.63,0.209,1.2,0.0556,16.4,50.6,0.99671,3.43,0.501,11.11,5
7.59,0.517,0.119,1.2,0.1601,32.9,40.9,0.9965,3.443,0.596,9.65,6
7.83,0.729,0.22,4.05,0.0587,8.2,43.8,0.99634,3.466,0.44,11.28,5
5.98,0.468,0.583,4.77,0.0309,23.0,63.4,0.99987,3.388,0.689,9.35,5
6.72,0.629,0.427,1.65,0.0479,9.2,7.7,0.99728,3.366,0.409,10.68,5
6.57,0.345,0.439,1.34,0.0609,28.4,47.9,0.99372,3.61,0.708,10.46,6
6.98,0.524,0.0,9.53,0.0465,34.6,9.0,0.9996,3.432,0.33,9.78,5
8.26,0.497,0.047,1.2,0.1267,13.1,51.9,0.99722,3.181,0.796,11.9,5
8.73,0.568,0.0,1.2,0.012,1.0,67.7,0.99599,3.024,0.47,10.46,5
11.02,0.462,0.113,1.2,0.0455,8.7,51.9,0.99926,3.274,0.496,9.97,5
6.58,0.504,0.458,1.2,0.0848,41.3,66.5,0.99522,3.407,0.891,10.74,7
10.03,0.676,0.372,1.2,0.0969,9.7,23.4,0.99996,3.459,0.712,8.86,6
7.95,0.45,0.228,6.04,0.1665,34.4,44.4,0.99688,3.118,0.802,13.04,5
8.23,0.24,0.267,2.39,0.1596,9.5,38.6,0.99861,3.423,0.487,9.26,6
9.49,0.841,0.137,1.33,0.012,9.3,36.5,1.00253,3.486,0.822,11.01,4
6.37,0.775,0.311,6.81,0.012,24.0,20.1,0.99704,3.405,0.635,10.49,5
8.99,0.297,0.42,1.2,0.0882,22.8,32.3,0.99652,3.375,0.678,11.68,5
8.61,0.651,0.0,1.2,0.0554,24.8,9.9,0.99467,3.291,0.911,10.61,6
9.18,0.438,0.329,2.09,0.031,15.9,6.0,0.99647,3.24,0.46,9.74,6
8.82,0.575,0.453,2.39,0.0878,26.7,23.4,0.99473,3.432,0.813,8.43,6
12.59,0.581,0.19,1.2,0.0978,25.9,67.1,0.99634,3.401,0.724,8.52,5
7.21,0.486,0.408,1.29,0.0476,27.9,54.2,1.0022,3.261,0.622,10.17,5
7.4,0.388,0.82,2.62,0.0577,9.3,6.0,0.99693,3.702,0.472,11.89,6
7.24,0.404,0.251,2.99,0.0512,26.7,33.1,0.99565,3.078,0.62,8.63,5
7.35,0.364,0.348,2.54,0.0677,10.4,69.3,0.9963,3.275,0.519,12.4,5
7.21,0.379,0.127,1.2,0.1124,14.2,31.7,0.99592,3.192,0.86,11.58,6
10.39,0.516,0.306,1.2,0.0363,14.0,6.0,0.99869,3.37,0.674,8.98,4
10.79,0.4,0.361,1.39,0.0569,5.4,120.7,0.99653,3.011,0.543,9.26,6
7.33,0.65,0.309,1.2,0.0682,1.0,41.0,0.99976,3.506,0.414,9.37,5
6.87,0.794,0.072,7.37,0.0867,28.7,8.2,0.9961,3.466,0.579,10.74,6
9.14,0.424,0.311,1.61,0.1,8.5,52.1,0.99622,3.352,0.868,10.36,6
7.36,0.571,0.556,1.2,0.183,13.0,43.7,0.995,3.263,0.677,10.32,4
9.42,0.617,0.358,3.63,0.1139,8.2,6.0,0.99597,3.421,0.627,9.88,5
8.67,0.612,0.459,1.72,0.115,13.2,49.5,0.99341,3.362,0.947,10.61,5
5.68,0.542,0.225,1.2,0.0745,10.6,78.8,0.99265,3.458,0.588,11.32,5
11.01,0.661,0.417,4.18,0.0409,29.2,38.8,0.99789,3.292,0.521,10.28,6
11.44,0.614,0.325,5.05,0.0622,9.7,6.0,0.99338,3.283,0.727,9.71,4
7.25,0.306,0.086,2.79,0.0536,33.8,57.7,0.99747,3.477,0.729,11.48,5
7.65,0.684,0.333,1.2,0.1054,27.8,66.3,0.99575,3.409,0.558,10.18,4
8.82,0.687,0.078,2.09,0.012,10.9,27.2,0.99849,3.284,0.522,11.01,4
8.9,0.391,0.148,3.6,0.1148,19.2,27.4,0.99343,3.368,0.904,10.31,6
9.47,0.535,0.308,1.2,0.0815,21.3,120.8,0.99784,3.339,0.584,11.58,5
11.82,0.65,0.329,1.2,0.1215,24.7,24.8,0.99733,3.383,0.411,11.74,6
8.01,0.491,0.039,5.35,0.053,25.7,9.6,0.99739,3.506,0.691,11.7,5
6.93,0.72,0.477,1.2,0.0446,17.8,47.3,0.99884,3.257,0.81,9.83,5
5.92,0.951,0.383,3.49,0.0679,5.9,65.4,0.99683,3.212,0.626,9.82,5
7.05,0.387,0.134,1.61,0.0668,22.6,64.0,0.99205,3.353,0.749,11.35,4
8.26,0.281,0.0,1.48,0.1249,13.4,6.0,0.99755,3.228,0.48,10.35,4
11.44,0.582,0.243,1.2,0.1244,1.0,24.7,0.99731,3.171,0.765,10.38,5
7.42,0.657,0.184,4.28,0.1765,20.0,84.4,0.99624,3.464,0.496,9.68,5
8.71,0.487,0.293,1.2,0.0637,8.2,57.2,0.9951,3.267,0.71,11.93,6
8.29,0.788,0.2,1.95,0.012,11.1,6.0,0.99601,3.023,0.789,11.53,6
10.39,0.288,0.0,2.83,0.0678,15.9,87.3,0.99947,3.442,0.675,10.29,6
12.72,0.652,0.195,3.03,0.0978,1.0,78.2,0.99495,3.244,0.448,9.73,6
7.4,0.42,0.211,7.81,0.1206,17.3,36.7,0.99339,3.4,0.455,9.68,3
7.47,0.836,0.395,1.89,0.1013,12.6,75.4,0.99391,3.478,0.929,10.56,6
10.14,0.885,0.135,1.28,0.0637,6.7,112.3,0.99663,3.34,0.527,10.83,4
9.51,0.391,0.598,7.68,0.1676,16.4,11.8,0.99987,2.998,0.788,9.5,5
11.53,0.43,0.0,2.57,0.0384,1.0,64.7,1.00089,3.009,0.678,9.09,6
9.34,0.682,0.527,1.2,0.0741,16.7,111.8,0.99794,3.207,0.487,10.51,3
7.69,0.459,0.227,1.2,0.0362,20.8,68.0,0.99484,3.302,0.567,11.35,5
9.35,0.52,0.439,4.62,0.0879,19.1,21.7,0.99504,3.496,0.947,10.5,6
10.25,0.533,0.287,1.2,0.1617,24.1,54.3,0.99836,3.356,1.251,10.15,5
9.75,0.184,0.493,2.7,0.0804,28.1,91.5,0.99923,3.714,0.604,9.21,6
9.2,0.526,0.195,1.59,0.0807,15.0,13.1,0.99548,3.081,0.592,9.74,6
10.18,0.405,0.057,1.2,0.012,27.3,45.5,0.99941,3.33,0.379,11.36,6
10.35,0.44,0.548,2.3,0.0735,15.0,38.5,0.99626,3.242,0.378,9.08,5
10.72,0.786,0.249,1.2,0.1411,8.6,25.7,0.99806,3.347,0.512,12.32,6
9.45,0.303,0.314,1.33,0.0752,11.8,54.4,0.99888,3.581,0.582,10.51,6
8.03,0.674,0.512,1.98,0.0721,18.7,43.2,0.99388,3.59,0.654,8.72,6
8.58,0.478,0.07,1.43,0.139,27.2,67.6,0.99756,3.319,0.775,10.96,4
10.42,0.478,0.387,3.45,0.0723,15.9,84.0,0.99941,3.444,0.696,10.9,6
6.9,0.669,0.156,4.4,0.1477,8.8,6.0,0.99563,3.344,0.778,9.95,5
8.96,0.589,0.245,3.69,0.0266,31.0,48.7,0.99469,3.145,0.554,11.43,6
7.64,0.63,0.285,1.2,0.1189,1.0,44.7,0.99764,3.313,0.646,9.76,4
8.37,0.701,0.0,1.2,0.1644,8.9,53.2,0.99695,3.233,0.596,11.1,6
10.54,0.469,0.119,1.92,0.1344,25.2,46.0,0.99608,3.301,0.443,10.38,4
8.65,0.418,0.534,6.83,0.012,34.3,14.2,0.9967,3.18,0.33,10.12,7
8.4,0.334,0.444,4.5,0.057,20.9,94.3,0.99353,3.335,0.544,11.86,5
5.95,0.38,0.259,4.62,0.0756,18.5,108.3,0.99747,3.358,0.33,11.47,4
9.62,1.056,0.318,1.2,0.1345,12.8,64.5,0.99973,3.419,0.465,9.24,4
9.44,0.751,0.214,1.4,0.0244,21.6,66.1,0.99534,3.359,0.751,10.83,6
12.08,0.286,0.536,1.59,0.0391,17.2,50.8,0.99513,3.563,0.689,12.45,7
7.78,0.291,0.232,1.2,0.012,8.0,78.4,0.99703,3.649,0.662,11.88,7
8.7,0.614,0.316,1.2,0.0482,12.6,6.0,1.00211,3.249,0.859,9.45,5
8.75,0.626,0.494,7.34,0.0282,6.8,46.3,0.99879,3.46,0.534,12.13,5
11.06,0.626,0.119,1.2,0.1621,16.0,27.6,0.99652,3.637,0.774,11.42,5
8.15,0.482,0.575,1.2,0.0566,17.6,51.3,0.99678,3.464,0.521,9.3,5
8.81,0.506,0.0,1.2,0.1195,33.0,82.4,0.99898,3.421,0.705,10.64,4
9.38,0.587,0.589,6.6,0.0878,9.6,47.1,0.99497,3.03,0.684,10.93,5
8.64,0.543,0.198,2.17,0.0872,14.0,34.6,0.99786,3.225,0.693,9.27,4
7.54,0.131,0.224,2.75,0.0592,29.0,6.0,0.99458,3.248,0.592,11.18,7
8.66,0.487,0.0,6.06,0.1232,34.8,42.9,0.99846,3.525,0.712,13.02,7
10.19,0.376,0.182,1.2,0.0943,20.8,68.6,0.99614,3.198,0.726,11.88,6
6.53,0.559,0.068,2.43,0.0915,13.2,18.8,0.99708,3.298,0.415,10.59,4
8.55,1.062,0.153,1.2,0.0591,10.9,6.0,0.99602,3.44,0.802,10.12,5
7.1,0.594,0.244,1.2,0.0668,1.0,121.3,0.99803,3.192,0.448,10.77,5
10.4,0.472,0.458,4.45,0.1147,6.2,57.5,0.99637,3.354,0.509,9.38,6
5.67,0.693,0.311,3.64,0.0978,16.9,39.2,1.0008,3.334,0.699,9.91,4
7.35,0.614,0.331,1.2,0.0928,14.0,92.2,0.9994,3.446,0.76,8.4,4
8.98,0.603,0.057,1.2,0.0516,22.4,51.1,0.99422,3.412,0.695,10.88,6
11.04,0.637,0.099,1.91,0.1784,13.8,90.3,0.99706,3.408,0.713,10.06,5
8.21,0.896,0.622,1.2,0.0645,8.3,87.5,0.9981,3.342,0.465,11.08,5
7.35,0.326,0.128,1.2,0.0856,19.4,6.0,0.99583,3.053,0.569,10.55,5
11.59,0.613,0.594,1.2,0.0782,42.1,61.6,0.999,3.333,0.33,9.34,5
5.8,0.362,0.224,1.2,0.1789,12.6,103.2,0.99878,3.32,0.502,10.63,5
4.6,0.627,0.271,4.1,0.0733,17.3,13.6,0.99654,3.429,0.43,9.66,3
9.09,0.364,0.48,1.2,0.069,24.7,14.0,0.99856,3.246,0.66,12.19,6
7.45,0.453,0.519,1.2,0.0926,9.9,19.6,0.99212,3.317,1.059,9.52,4
6.54,0.475,0.249,1.75,0.0544,29.2,75.8,0.99928,3.322,0.787,9.92,7
9.55,0.703,0.195,5.02,0.0922,1.0,55.8,0.99838,3.201,0.33,9.34,3
8.74,0.692,0.26,1.2,0.1985,11.6,6.0,0.99463,3.133,0.4,9.24,4
7.34,0.305,0.337,1.2,0.1011,12.6,57.7,0.99718,3.37,0.437,10.45,5
6.09,0.538,0.445,1.2,0.0994,17.5,38.2,0.99285,3.466,0.36,9.09,4
9.84,0.401,0.272,3.44,0.0533,1.0,42.8,0.99525,3.215,0.61,10.22,7
9.45,0.303,0.392,2.0,0.1673,30.0,18.9,0.99878,3.277,0.697,10.88,5
8.15,0.489,0.59,4.24,0.1781,20.2,57.9,0.99668,3.439,0.438,9.97,5
11.53,0.473,0.345,8.02,0.1271,27.6,81.0,0.99657,3.454,0.62,8.4,4
6.46,0.962,0.332,3.93,0.1177,32.7,25.3,0.99679,3.347,0.695,11.85,4
5.67,0.605,0.0,2.31,0.076,8.1,6.0,0.99656,3.375,0.777,10.71,5
7.12,0.281,0.0,1.7,0.1054,1.0,36.5,0.99858,3.393,0.685,10.72,6
8.24,0.427,0.347,1.2,0.0477,27.9,71.4,0.99552,3.42,0.714,10.17,6
8.74,0.711,0.253,10.39,0.0341,12.9,32.6,0.9975,3.146,0.652,11.29,5
7.9,0.902,0.171,1.21,0.0171,4.0,6.0,0.99453,3.606,0.486,11.42,5
8.93,0.244,0.318,1.2,0.1063,21.9,71.6,0.99811,3.353,0.523,11.53,4
6.14,0.191,0.259,2.75,0.0222,41.6,93.0,0.99609,3.423,0.433,10.71,7
10.83,0.863,0.491,1.2,0.0635,14.7,47.1,0.99662,3.194,0.913,8.95,4
8.18,0.598,0.288,2.2,0.0841,25.8,6.0,0.99601,3.282,0.408,10.85,5
10.26,0.373,0.125,2.21,0.1338,5.5,36.0,0.99625,3.369,0.82,10.71,4
8.92,0.624,0.464,1.48,0.0598,1.0,51.5,0.99479,3.033,0.41,9.83,4
9.11,0.12,0.229,4.52,0.1393,25.4,19.8,0.99733,3.172,0.788,9.56,7
9.31,0.529,0.374,1.2,0.1311,21.6,65.7,0.99775,3.199,0.823,11.0,6
9.1,0.587,0.178,1.49,0.0366,11.0,16.6,0.99417,3.114,0.854,10.34,6
9.44,0.693,0.144,1.93,0.1398,33.7,47.3,0.99557,3.327,0.481,10.0,5
10.63,0.347,0.287,2.72,0.0737,1.0,39.0,0.99676,3.3,0.686,12.21,4
8.66,0.543,0.274,3.83,0.0635,3.0,66.7,0.99556,3.53,0.556,11.14,5
9.55,0.362,0.365,1.26,0.0739,10.2,46.0,0.99628,3.138,0.507,10.88,6
8.16,0.574,0.219,2.6,0.0868,12.1,40.0,0.99977,3.347,0.665,11.72,6
10.83,0.368,0.0,1.2,0.0675,31.2,20.1,0.99477,3.175,0.796,10.77,6
7.14,0.455,0.187,6.74,0.0475,16.4,47.6,0.99231,3.047,0.557,9.67,4
11.45,0.35,0.426,1.21,0.0517,13.9,37.9,0.99556,3.402,0.714,10.0,5
8.25,0.645,0.213,3.27,0.0935,2.6,17.8,0.99608,3.414,0.504,11.2,5
5.83,0.682,0.223,1.2,0.0795,27.2,51.7,0.99577,3.396,0.481,11.09,5
8.54,0.486,0.463,1.2,0.1118,4.0,58.4,0.99721,3.108,0.603,10.9,5
7.13,0.535,0.132,1.67,0.0895,2.5,35.3,0.99475,3.324,0.613,9.2,4
9.78,0.269,0.0,5.26,0.0906,11.7,77.1,0.99447,3.403,0.772,11.29,6
7.18,0.474,0.24,1.87,0.1149,17.6,55.2,0.99542,3.458,0.445,10.35,4
7.54,0.519,0.177,6.64,0.1537,8.3,6.0,0.99546,3.408,1.025,11.06,5
5.03,0.997,0.083,1.65,0.1556,23.3,90.5,1.00073,3.46,0.353,9.53,3
7.53,0.329,0.237,1.69,0.15,12.9,71.7,0.99965,3.475,0.697,12.52,6
4.6,0.79,0.367,1.2,0.1279,26.9,79.4,0.99353,3.327,0.61,10.68,3
5.56,0.706,0.269,4.06,0.185,21.2,59.6,0.99303,3.388,0.548,9.97,4
9.64,0.578,0.331,1.2,0.1076,34.6,6.0,0.99654,3.465,0.628,11.11,6
9.69,0.843,0.625,5.75,0.1023,11.2,82.4,1.00033,3.371,0.772,11.34,5
9.06,0.595,0.204,6.04,0.1925,24.7,48.5,0.99797,3.496,0.799,11.1,5
6.64,0.598,0.325,7.18,0.012,1.0,58.1,0.99664,3.446,0.621,9.36,5
8.24,0.518,0.172,1.84,0.0769,46.1,64.2,0.99583,3.214,0.714,11.64,6
8.31,0.747,0.106,2.83,0.1459,24.2,110.2,0.99875,3.11,0.432,10.05,5
6.3,0.724,0.157,3.77,0.1331,12.8,28.5,0.99704,3.314,0.627,10.4,6
10.94,0.416,0.178,1.2,0.2076,13.2,29.3,0.99999,3.129,0.725,8.4,3
9.85,0.292,0.341,2.3,0.0921,13.3,18.5,0.99349,3.324,0.33,9.92,5
7.94,0.492,0.729,1.2,0.0668,35.1,11.3,0.9975,3.31,0.672,9.92,6
8.37,0.385,0.131,1.72,0.0714,25.3,11.9,0.99563,3.511,0.629,10.9,6
8.68,0.517,0.19,1.2,0.1019,11.2,6.0,0.99749,3.389,0.874,9.86,6
4.77,0.75,0.259,1.2,0.1632,2.9,60.5,0.99718,3.462,0.686,8.68,4
7.89,0.446,0.348,1.2,0.1638,28.4,111.9,0.99767,3.236,0.74,10.68,4
7.13,0.52,0.322,1.42,0.0844,24.6,114.0,0.99856,3.547,0.612,10.15,5
6.58,0.538,0.521,2.44,0.0989,23.3,18.4,0.99934,3.449,0.765,9.64,6
7.83,0.68,0.0,1.2,0.0583,15.0,37.5,1.00041,3.377,0.754,10.51,5
11.45,0.126,0.0,1.75,0.0632,12.7,87.0,0.99673,3.033,0.436,8.52,6
9.44,0.419,0.174,1.2,0.1362,33.5,60.7,0.99567,3.493,0.711,11.08,5
7.33,0.566,0.485,2.13,0.1623,34.5,50.9,0.99437,3.584,0.859,10.22,6
9.32,0.743,0.0,2.54,0.0542,22.6,38.0,0.99753,3.313,0.825,10.13,4
10.75,0.44,0.0,2.03,0.0984,26.0,85.2,0.99829,3.316,0.663,11.44,7
9.93,0.192,0.382,3.35,0.0756,18.3,11.2,0.99414,3.231,0.713,9.85,6
8.42,0.639,0.319,1.2,0.1276,1.5,62.3,0.99887,3.06,0.814,10.7,5
7.19,0.414,0.058,3.62,0.0687,5.6,57.8,0.99651,3.224,0.464,10.28,5
9.53,0.315,0.079,1.42,0.012,27.9,47.9,0.99431,3.567,0.739,13.86,6
9.0,0.416,0.082,1.66,0.1342,29.2,72.4,0.99509,3.477,0.33,10.94,4
9.88,0.495,0.293,2.61,0.0727,26.9,47.6,0.99491,3.192,0.805,9.2,5
9.43,0.42,0.149,1.2,0.0776,19.5,28.9,0.99494,3.222,0.593,12.29,6
10.15,0.133,0.367,2.65,0.1075,27.3,49.5,0.99778,3.64,0.643,11.54,6
7.39,0.689,0.0,2.41,0.1036,15.3,6.0,0.99834,3.154,0.564,10.47,5
10.61,0.756,0.104,1.2,0.1084,22.4,66.6,0.99993,3.201,0.651,9.95,4
8.66,0.645,0.051,1.2,0.012,13.7,75.0,0.99537,3.245,0.701,9.0,4
11.93,0.324,0.221,1.2,0.1131,4.8,24.9,0.99735,3.102,0.786,10.88,5
7.12,0.492,0.166,6.42,0.012,24.9,17.0,0.99547,3.228,0.879,9.7,6
11.34,0.527,0.427,2.92,0.1232,29.2,26.1,0.99674,3.231,0.666,9.48,5
8.66,0.635,0.0,1.2,0.1396,41.7,44.4,0.99389,3.172,0.376,11.25,5
7.19,0.648,0.28,1.2,0.0227,18.6,53.6,0.99457,3.516,0.88,12.07,6
7.48,0.397,0.38,2.24,0.1024,4.9,99.6,0.99823,3.131,0.408,9.91,5
7.76,0.543,0.633,4.51,0.1367,12.4,95.5,0.99388,3.289,0.586,11.28,5
9.06,0.61,0.177,1.2,0.0659,14.4,73.8,0.99787,3.176,0.575,10.65,5
9.23,0.789,0.334,1.2,0.1187,17.4,50.5,0.99542,3.279,0.66,10.8,5
7.32,0.654,0.0,5.51,0.012,20.8,16.0,0.99304,3.169,0.443,9.54,6
8.28,0.669,0.0,1.2,0.1386,19.7,101.7,0.99188,3.323,0.435,10.19,5
12.05,0.543,0.436,1.2,0.0884,24.0,38.3,0.99948,3.361,0.654,9.25,4
11.33,0.78,0.27,7.99,0.0749,17.9,55.7,0.99308,3.527,0.522,9.11,4
9.08,0.601,0.501,2.38,0.1332,1.0,67.1,0.99658,3.22,0.887,10.97,5
8.39,0.374,0.003,1.2,0.1683,18.2,48.5,0.99737,3.56,0.564,9.86,4
8.53,0.779,0.372,1.2,0.1098,16.8,84.3,0.9942,3.187,0.483,9.44,5
9.39,0.653,0.635,1.2,0.1626,21.6,61.5,0.99565,3.274,0.942,9.13,5
6.54,0.449,0.353,1.2,0.014,12.1,79.0,0.99761,3.583,0.738,8.8,5
7.87,0.442,0.325,5.33,0.1183,18.2,61.2,0.99726,3.758,1.12,8.4,6
5.42,0.581,0.273,1.34,0.0808,21.7,45.2,0.99582,3.571,0.331,10.54,6
9.01,0.611,0.0,3.19,0.05,14.2,48.9,0.99715,3.277,0.693,8.4,3
9.45,0.563,0.535,6.26,0.012,22.9,44.4,0.99651,3.39,0.741,10.92,4
7.48,0.584,0.152,1.31,0.1158,16.6,6.0,0.99486,3.416,0.663,10.92,6
11.06,0.832,0.369,1.2,0.1281,17.5,13.5,0.99898,3.364,0.596,10.31,5
6.19,0.72,0.0,1.82,0.1501,1.0,70.8,0.99709,3.156,0.87,10.5,5
5.77,0.562,0.041,5.97,0.1423,3.9,6.0,0.9932,3.347,0.737,10.11,5
8.71,0.696,0.551,4.08,0.0507,3.9,33.2,0.99769,3.233,0.371,10.66,5
10.14,0.343,0.203,1.2,0.1477,18.1,11.9,0.99553,3.162,0.51,10.65,6
11.25,0.599,0.554,2.95,0.1526,29.2,31.4,0.99615,3.263,0.46,11.81,5
7.52,0.852,0.256,2.12,0.0748,14.6,41.4,0.99672,3.36,0.637,12.06,6
10.2,0.489,0.0,5.95,0.0883,24.7,33.1,0.99519,3.465,0.819,12.03,5
8.25,0.376,0.445,1.2,0.0431,22.7,6.0,1.00013,3.272,0.594,9.57,5
8.02,0.411,0.156,1.91,0.1566,17.3,40.4,0.99386,3.299,0.615,11.23,6
9.86,0.333,0.407,5.29,0.0159,21.9,14.9,0.99681,3.435,0.492,10.96,6
9.46,0.388,0.276,1.32,0.1121,18.4,25.5,0.99742,3.322,0.787,9.73,6
5.58,0.462,0.0,1.64,0.0589,14.4,70.8,0.99678,3.37,0.868,9.47,6
10.89,0.276,0.303,1.2,0.0349,20.0,77.9,0.99634,3.323,0.652,10.02,5
10.72,0.531,0.699,1.2,0.012,31.0,6.0,0.99598,3.342,0.927,9.28,5
7.23,0.69,0.367,1.2,0.0769,20.8,98.1,0.99517,3.145,0.566,8.93,4
9.01,0.366,0.26,7.26,0.0276,18.1,29.7,0.99514,3.33,0.421,10.95,5
9.18,0.8,0.481,1.2,0.0897,6.7,26.7,0.9989,3.531,0.795,10.46,3
8.77,0.619,0.312,1.54,0.1702,30.7,17.1,0.99586,3.337,0.642,10.45,6
7.36,0.712,0.312,2.78,0.0964,1.2,48.3,1.00075,3.183,0.559,11.41,3
7.15,0.41,0.058,1.2,0.1809,1.0,111.7,0.99797,3.538,0.671,10.21,6
8.28,0.681,0.317,1.67,0.0408,19.8,6.0,0.99163,3.422,0.389,11.31,5
10.36,0.333,0.473,3.35,0.0268,6.7,6.0,0.99838,3.429,0.361,9.63,5
9.27,0.687,0.108,5.04,0.0387,27.3,55.3,0.9966,3.425,0.674,9.62,4
7.68,0.559,0.549,2.46,0.0839,1.0,65.2,0.99406,3.138,0.732,10.43,6
9.66,0.627,0.253,2.76,0.215,25.9,48.2,0.99918,3.411,0.895,12.69,5
4.6,0.318,0.098,1.2,0.012,24.5,66.1,0.99587,3.524,0.809,11.8,6
10.32,0.368,0.466,7.29,0.1161,17.1,9.3,0.99571,3.237,0.766,11.59,5
5.29,0.635,0.215,1.2,0.0541,1.0,15.4,0.99741,3.014,0.874,8.95,5
7.69,0.358,0.419,3.73,0.0765,1.0,50.5,0.99887,3.367,0.741,10.58,5
6.37,0.611,0.214,1.2,0.0279,18.4,104.3,0.99692,3.316,0.599,11.3,5
6.07,0.283,0.259,6.78,0.1283,13.4,64.9,0.99678,3.073,0.813,12.65,6
10.34,0.68,0.367,3.18,0.0849,23.5,66.4,0.99538,3.404,0.807,8.62,6
7.51,0.307,0.328,3.5,0.1381,15.2,11.1,0.99884,3.393,0.657,11.2,6
8.92,0.627,0.0,1.2,0.0952,14.2,60.4,0.99693,3.085,0.454,11.56,5
8.24,0.64,0.052,1.46,0.012,1.0,7.6,0.99627,3.602,0.355,10.9,5
9.15,0.403,0.452,2.4,0.1385,24.5,104.6,0.99604,3.427,0.801,8.98,5
8.45,0.632,0.245,3.67,0.012,9.1,13.2,0.99865,3.02,0.739,10.69,6
6.09,0.575,0.169,1.2,0.012,11.7,20.3,0.9962,3.437,0.763,10.88,5
10.05,0.432,0.006,8.2,0.0439,4.7,6.0,0.99866,3.433,0.808,10.61,6
7.46,0.347,0.06,5.52,0.0445,1.0,49.3,0.9958,3.529,0.505,9.69,4
5.61,0.177,0.0,1.2,0.1526,31.3,47.9,0.99807,3.215,0.339,9.55,5
7.58,0.591,0.251,4.33,0.079,24.2,96.3,0.99709,3.439,0.746,10.91,6
10.93,0.248,0.154,1.83,0.1456,24.4,72.0,0.99489,3.275,0.862,9.7,5
9.8,0.545,0.083,1.55,0.0603,13.6,20.5,0.99653,3.225,0.718,9.72,4
7.71,0.481,0.258,1.2,0.1019,1.0,75.2,0.99254,3.178,0.405,10.27,5
7.71,0.65,0.342,2.17,0.1093,37.9,6.0,0.99529,3.018,0.699,10.59,3
7.76,0.474,0.679,3.27,0.1197,20.3,22.8,0.9937,3.394,0.467,11.53,5
11.93,0.469,0.0,1.32,0.0651,17.3,50.4,1.0005,3.269,0.396,9.14,4
8.98,0.659,0.497,2.48,0.0692,12.1,9.2,0.99372,2.891,0.657,9.03,7
9.07,0.588,0.461,3.0,0.073,1.0,81.5,1.00161,3.323,0.686,10.01,6
10.11,0.585,0.119,3.1,0.012,27.8,121.5,0.99768,3.489,0.641,8.49,5
8.74,0.612,0.311,1.2,0.0831,4.8,36.8,0.99571,3.11,0.732,11.05,6
7.87,0.253,0.182,4.91,0.069,21.6,25.0,0.99823,3.201,0.524,8.4,6
7.98,0.663,0.307,1.53,0.1143,23.9,42.2,0.99548,3.379,0.673,11.18,4
8.2,0.638,0.565,1.2,0.0913,19.4,28.1,0.99402,2.917,0.575,11.61,5
8.26,0.346,0.389,1.2,0.1498,20.8,55.1,0.99685,3.229,0.615,10.7,6
9.59,0.484,0.37,1.65,0.0903,30.0,6.0,0.99803,3.364,0.704,8.43,4
8.41,0.521,0.187,5.45,0.0606,7.6,56.9,0.99913,3.225,0.838,10.53,6
9.59,0.504,0.0,1.2,0.0897,17.6,109.4,0.99765,3.111,0.708,9.57,5
8.18,0.588,0.23,3.46,0.121,13.5,6.0,0.99569,3.118,0.764,9.13,5
8.46,0.784,0.506,1.2,0.012,1.0,8.0,0.99933,3.063,0.66,11.04,5
4.84,0.722,0.0,1.62,0.0534,18.9,31.8,0.99891,3.214,0.741,11.24,6
9.91,0.293,0.065,11.97,0.0544,29.0,64.3,0.99721,3.474,0.834,11.8,7
8.92,0.639,0.296,3.68,0.1063,30.3,75.8,0.999,3.675,0.977,10.12,6
10.06,0.766,0.079,1.2,0.1118,35.3,73.1,1.00085,3.317,0.864,10.6,5
4.6,0.597,0.116,1.74,0.0918,1.0,6.0,0.99567,3.429,0.649,12.2,6
11.95,0.723,0.188,1.2,0.012,32.9,24.3,0.99499,3.166,0.853,12.66,4
8.08,0.888,0.005,1.32,0.012,17.8,16.8,0.99561,2.989,0.751,11.58,6
10.25,0.711,0.081,3.79,0.0758,32.6,44.3,0.99414,3.596,0.555,10.05,5
6.51,0.573,0.408,3.69,0.0634,11.7,47.1,0.99782,3.219,0.754,10.43,5
9.39,0.715,0.016,1.2,0.0873,10.3,6.0,0.99364,3.422,0.466,10.23,5
6.49,0.554,0.0,6.38,0.0649,3.2,32.0,0.9991,3.335,0.754,11.18,6
7.23,0.532,0.148,2.24,0.159,24.0,65.6,0.99542,3.464,0.956,9.54,4
11.65,0.465,0.414,1.2,0.012,21.3,25.8,0.99928,3.458,0.798,10.76,6
7.99,0.808,0.233,1.74,0.1012,4.2,39.9,0.99184,3.354,0.861,10.77,5
8.7,0.382,0.18,2.32,0.1259,1.0,102.3,0.99597,3.371,0.594,10.83,5
9.83,0.802,0.28,2.05,0.12,20.2,111.9,0.99424,3.498,0.74,9.33,6
9.18,0.617,0.0,1.67,0.124,21.4,6.0,0.99927,3.248,0.777,10.68,5
8.58,0.278,0.367,1.76,0.1308,5.5,50.2,0.99989,3.551,0.606,12.31,6
8.96,0.594,0.346,1.2,0.0586,3.4,142.4,0.99225,3.202,0.774,9.93,4
12.5,0.152,0.191,4.19,0.0352,22.7,62.2,0.99835,3.323,0.735,10.7,5
8.22,0.64,0.467,1.95,0.012,35.3,47.1,0.99873,3.408,0.776,8.45,5
8.67,0.686,0.051,1.2,0.07,10.7,89.7,0.99732,3.06,0.483,10.69,4
10.15,0.422,0.491,3.63,0.0505,6.7,53.6,0.99782,3.524,0.875,10.65,6
10.24,0.55,0.301,6.74,0.1416,19.0,69.8,0.99768,3.384,0.735,10.54,5
10.39,0.878,0.205,7.36,0.0735,22.5,39.6,0.99835,3.819,0.638,11.2,5
9.43,0.437,0.267,1.2,0.0386,12.1,53.2,0.99462,3.631,0.642,10.12,5
6.33,0.338,0.25,1.2,0.0311,37.1,60.5,0.99898,3.309,0.651,11.68,6
11.16,0.793,0.509,1.83,0.1805,25.3,74.9,0.9971,3.586,0.517,9.48,5
6.33,0.879,0.061,1.2,0.086,11.9,32.3,0.99698,3.441,0.86,11.96,7
8.85,0.529,0.122,6.79,0.0503,1.0,31.4,0.99778,3.347,0.822,10.65,6
7.01,0.709,0.473,1.2,0.0928,29.7,6.0,0.99429,3.055,0.833,10.34,5
8.21,0.768,0.155,1.2,0.1762,28.3,33.7,0.99375,3.092,0.915,8.89,5
8.89,0.395,0.447,1.3,0.0687,12.7,77.8,0.99647,3.312,0.69,9.23,4
8.88,0.441,0.602,1.21,0.1193,19.5,61.7,0.99963,3.235,0.377,10.8,5
9.05,0.748,0.193,3.96,0.1428,14.3,13.7,0.99445,3.346,0.765,9.65,5
11.13,0.83,0.404,1.52,0.012,21.3,6.0,0.99703,3.522,0.759,11.48,6
9.11,0.629,0.046,1.2,0.057,5.1,41.8,0.99534,3.444,0.922,10.73,6
7.9,0.371,0.418,1.2,0.1369,3.7,76.9,0.99508,3.204,0.842,8.9,5
10.0,0.884,0.31,1.78,0.0541,24.4,30.7,0.99765,3.453,0.681,11.23,4
10.39,0.433,0.363,1.2,0.1065,25.7,6.0,0.99814,3.17,0.633,10.25,5
6.18,0.468,0.145,2.36,0.0514,10.7,27.1,0.9952,3.135,0.829,10.37,5
9.36,0.589,0.0,2.09,0.0661,8.0,57.2,0.99934,3.37,0.33,11.54,6
9.54,0.806,0.369,3.14,0.0603,27.9,87.3,0.9975,3.186,0.699,8.93,4
7.8,0.681,0.0,6.94,0.1169,8.4,38.0,0.99624,3.212,0.819,9.22,4
10.71,0.602,0.209,6.08,0.0965,16.4,81.2,0.99736,3.464,0.637,10.77,4
8.06,0.611,0.455,7.3,0.0916,15.1,77.5,1.00057,3.412,0.593,8.6,5
8.54,0.536,0.308,1.2,0.2049,1.0,7.8,0.99813,3.254,0.708,9.77,5
8.02,0.628,0.651,1.2,0.1688,17.9,87.6,0.99537,3.061,0.887,11.47,3
8.35,0.12,0.471,1.2,0.012,16.9,56.2,0.99666,3.198,0.735,10.3,6
6.41,0.475,0.143,5.64,0.0662,19.6,6.8,0.99695,3.61,0.543,8.95,5
5.81,0.571,0.276,8.94,0.201,17.5,104.4,0.99796,3.46,0.865,10.62,6
11.09,0.322,0.262,4.9,0.06,38.2,42.3,0.99716,3.53,0.898,9.99,6
6.85,0.597,0.0,1.2,0.1851,28.0,6.0,1.0003,3.35,0.521,9.67,4
6.59,0.491,0.088,7.36,0.067,16.3,23.2,0.99627,3.257,1.134,14.23,8
4.6,0.842,0.162,1.38,0.076,17.2,15.1,0.99341,3.45,0.658,11.04,6
7.21,0.81,0.0,1.2,0.1276,34.3,24.0,0.99711,3.508,0.819,10.12,5
6.02,0.445,0.28,1.46,0.0828,24.9,31.8,0.99586,3.237,0.782,11.38,6
11.18,0.501,0.222,1.2,0.1102,3.0,38.0,0.99384,3.201,0.539,10.11,5
10.08,0.515,0.0,1.96,0.161,25.8,36.8,0.99536,3.077,0.581,9.87,3
7.12,0.447,0.35,1.2,0.1227,28.9,43.3,0.99602,3.197,0.67,10.74,6
12.24,0.563,0.411,1.6,0.0937,32.8,65.8,0.99887,3.414,0.34,10.96,4
10.03,0.392,0.315,2.37,0.1657,11.7,21.9,0.99388,3.219,0.798,11.41,7
7.75,0.326,0.208,5.08,0.1282,10.9,85.3,0.99736,3.454,0.336,11.94,6
4.6,0.639,0.386,2.71,0.0525,6.0,6.2,1.00092,3.614,0.66,11.69,6
12.31,0.641,0.404,1.42,0.1801,19.1,66.7,0.99637,3.315,0.544,11.34,5
5.9,0.384,0.331,4.28,0.1172,23.5,100.5,0.99631,3.308,0.756,11.45,6
5.46,0.688,0.11,5.9,0.077,10.5,40.6,0.99807,3.395,0.33,11.69,4
10.1,0.415,0.325,1.2,0.012,14.4,52.8,0.99769,3.223,0.375,11.18,7
12.57,0.573,0.504,1.9,0.0223,1.0,14.6,0.99939,3.211,0.557,8.72,5
10.73,0.675,0.155,1.2,0.1669,31.7,29.6,0.99638,3.216,0.746,10.95,6
9.3,0.522,0.68,1.2,0.1688,1.0,98.0,0.99803,3.135,0.696,11.89,5
9.35,0.609,0.169,2.76,0.091,19.8,71.1,0.99806,3.45,0.837,9.56,5
9.8,0.436,0.277,4.97,0.012,18.4,60.2,0.99606,3.235,0.676,10.0,6
9.64,0.493,0.14,1.2,0.0359,16.3,6.0,0.99648,3.482,0.655,10.36,6
8.81,0.491,0.315,4.18,0.012,16.6,22.9,0.99668,3.393,0.476,10.62,7
8.5,0.394,0.0,4.8,0.012,5.3,103.7,0.99435,3.307,0.62,9.83,5
8.21,0.496,0.165,6.14,0.1823,12.4,60.0,0.99596,3.436,0.655,10.48,5
7.01,0.251,0.058,1.2,0.1838,26.0,64.1,0.99954,3.166,0.33,10.97,5
7.83,0.44,0.297,5.86,0.0343,29.1,52.1,0.99867,3.191,0.507,8.4,3
5.37,0.477,0.465,1.2,0.0866,11.5,26.3,0.9956,3.421,0.737,10.5,5
8.15,0.482,0.397,2.01,0.0266,1.0,57.4,0.99667,2.973,0.689,10.01,5
6.6,0.485,0.0,1.2,0.0863,7.7,6.0,0.99855,3.313,0.615,8.59,7
6.4,0.517,0.669,1.2,0.164,35.2,6.0,0.99754,3.402,0.555,11.02,5
8.63,0.614,0.329,3.19,0.1377,8.3,22.3,0.99822,3.513,0.362,10.75,5
10.74,0.685,0.12,1.47,0.125,14.9,52.8,0.99771,3.544,0.33,10.6,3
9.92,0.412,0.302,1.2,0.0779,30.7,6.0,0.99711,3.291,0.606,11.07,6
5.59,0.313,0.305,1.2,0.1463,10.4,50.6,0.99638,3.43,0.911,10.76,6
6.6,0.341,0.141,2.77,0.1174,14.1,13.7,0.99443,3.187,0.664,9.63,7
9.96,0.441,0.31,1.2,0.106,24.2,18.2,0.99802,3.243,0.832,11.19,5
6.61,0.465,0.153,4.1,0.0816,33.8,89.2,0.99628,3.522,0.458,11.38,4
7.93,0.39,0.192,1.2,0.102,9.1,47.7,0.99357,3.305,0.706,9.26,4
9.28,0.296,0.137,1.2,0.1005,30.4,16.7,0.99566,3.336,0.538,11.36,5
6.64,0.446,0.0,1.22,0.0616,12.9,52.6,0.99832,3.152,0.532,10.12,4
8.5,0.56,0.299,1.66,0.0506,6.6,6.0,0.99306,3.376,0.785,11.08,6
6.0,0.635,0.385,1.2,0.0401,18.5,59.0,0.99474,3.427,0.638,10.58,5
7.27,0.428,0.371,1.2,0.0432,3.8,82.9,0.99696,3.422,0.422,10.24,4
8.88,0.454,0.431,8.3,0.0782,20.8,68.2,0.99937,3.124,0.675,11.0,7
5.55,0.362,0.334,2.57,0.0704,48.8,117.5,0.9986,3.465,0.536,10.06,7
9.09,0.522,0.167,1.2,0.0578,27.4,6.0,0.99955,3.157,0.412,11.58,4
8.29,0.376,0.435,1.41,0.0543,14.8,50.6,0.99709,3.307,0.489,11.75,7
9.28,0.631,0.006,5.2,0.1007,26.9,6.0,0.9963,3.062,1.006,9.83,5
8.71,0.208,0.095,1.2,0.1517,6.1,40.8,0.9983,3.283,0.864,10.24,5
10.69,0.464,0.083,1.2,0.0865,7.9,46.5,0.99499,3.156,0.33,10.02,4
8.54,0.582,0.482,3.55,0.0834,15.1,121.5,0.99484,3.242,0.626,10.82,5
7.57,0.561,0.455,2.33,0.0431,16.8,44.5,0.99451,3.32,0.638,11.82,5
8.53,1.01,0.366,2.11,0.0765,2.3,43.9,0.99877,3.438,0.613,8.64,4
9.27,0.591,0.48,1.2,0.1429,12.7,79.5,0.99511,3.433,0.545,8.9,6
8.41,0.348,0.1,1.2,0.1358,14.4,44.7,0.9986,2.951,0.785,10.33,5
8.39,0.511,0.339,2.44,0.1325,32.0,106.7,0.99698,3.415,0.818,10.62,4
7.1,0.21,0.247,1.2,0.131,2.3,68.5,0.99879,3.343,0.836,9.41,5
7.17,0.514,0.436,1.75,0.1075,1.4,73.7,0.9946,3.225,0.714,10.61,6
5.88,0.379,0.249,1.97,0.1059,17.7,6.0,0.99551,3.175,0.761,9.63,5
11.36,0.692,0.196,1.2,0.0985,27.9,111.8,0.99756,3.301,0.599,9.94,5
6.16,0.43,0.376,7.41,0.0674,21.6,24.9,0.99588,3.347,0.39,11.78,6
7.11,0.507,0.442,4.62,0.0909,19.0,46.1,0.99196,3.369,0.386,10.05,5
7.07,0.414,0.141,3.2,0.0971,12.9,25.0,0.99409,3.281,0.513,10.03,6
9.88,0.839,0.259,1.2,0.1168,22.9,12.8,0.99458,2.922,0.624,10.56,4
7.81,0.47,0.065,1.2,0.0917,24.5,6.9,0.99473,3.235,0.44,11.59,4
10.49,0.856,0.0,1.7,0.1859,13.2,49.9,0.998,3.129,0.466,10.37,3
7.15,0.674,0.31,1.2,0.0301,5.9,6.0,0.99734,3.628,0.594,9.82,5
8.81,0.614,0.39,9.57,0.1225,6.0,38.5,0.99701,3.32,0.805,11.04,5
6.87,0.594,0.322,1.2,0.0851,25.1,81.3,1.00052,3.425,0.715,11.29,6
12.05,0.598,0.0,1.67,0.0871,1.0,67.3,0.99893,3.409,0.511,11.64,5
6.25,0.183,0.203,1.2,0.0488,33.4,60.7,0.99822,3.359,0.666,10.38,6
8.86,0.478,0.0,2.55,0.1349,11.1,17.0,0.99386,3.247,0.432,10.93,5
9.42,0.679,0.538,1.2,0.1177,19.1,6.0,0.99681,3.227,0.511,11.27,7
9.04,0.519,0.059,1.41,0.1262,23.2,80.7,0.99727,3.0,0.376,10.61,4
8.0,0.276,0.516,1.2,0.095,8.7,31.7,0.99591,3.333,0.731,11.83,5
8.09,0.519,0.455,5.47,0.0717,11.1,43.7,0.99994,3.357,0.61,11.12,5
8.4,0.833,0.095,1.2,0.0839,17.3,40.0,0.9968,3.304,0.631,12.43,7
8.06,0.751,0.05,6.13,0.1074,6.9,68.6,0.99437,3.333,0.795,11.4,4
10.0,0.517,0.339,4.47,0.012,4.7,107.1,0.9948,3.125,0.488,8.4,5
12.17,0.698,0.106,1.2,0.128,5.6,94.6,1.00104,3.266,0.737,9.99,4
7.35,0.462,0.291,3.89,0.201,28.5,6.0,0.9959,3.211,0.995,8.69,5
5.94,0.223,0.177,1.2,0.1096,20.0,36.3,0.99275,3.413,0.491,9.74,4
8.17,0.363,0.0,8.52,0.0738,7.6,6.0,0.99556,3.317,0.392,10.02,4
12.81,0.808,0.0,1.87,0.0794,25.0,77.3,0.99323,3.212,0.444,11.35,6
6.92,0.479,0.315,1.2,0.1203,8.2,46.6,0.99844,3.286,0.724,9.95,5
11.17,0.484,0.161,1.2,0.0749,1.0,66.4,0.99299,3.151,0.955,11.91,5
11.24,0.474,0.163,1.2,0.1278,23.2,33.5,0.99404,3.26,0.948,9.7,5
7.36,0.869,0.407,11.36,0.0788,33.1,12.3,0.99671,3.401,0.802,10.11,5
9.31,0.819,0.5,1.2,0.1676,21.7,17.9,0.99881,3.106,0.807,9.09,5
11.15,0.925,0.218,2.66,0.1663,1.0,6.0,0.99657,3.302,0.737,11.97,3
7.66,0.5,0.205,1.46,0.0715,15.6,6.0,0.99431,3.196,0.781,12.11,5
7.97,0.581,0.369,7.44,0.0832,13.0,6.0,0.99705,3.106,0.71,10.28,4
7.31,0.257,0.006,1.2,0.0859,19.8,12.4,0.99581,3.598,0.522,8.84,6
6.55,0.792,0.315,1.9,0.0866,7.0,10.5,0.99885,3.504,0.949,10.2,5
7.19,0.319,0.379,1.65,0.0425,12.4,59.4,0.99832,3.219,0.885,10.67,7
6.19,0.567,0.404,3.03,0.0359,1.0,58.1,0.99568,3.266,0.526,9.74,6
8.38,0.332,0.0,1.2,0.1457,18.2,59.4,0.99818,3.0,0.768,12.94,6
6.98,0.423,0.123,1.2,0.1382,1.4,85.1,0.99722,3.066,0.906,12.37,6
8.73,0.378,0.1,1.2,0.1374,20.4,43.9,0.9993,3.137,0.729,8.55,6
5.61,0.419,0.29,3.35,0.0837,8.0,20.8,0.9981,3.306,0.623,9.19,6
8.9,0.431,0.365,1.2,0.1759,1.0,119.2,0.99774,3.293,0.901,10.91,5
9.77,0.43,0.563,2.13,0.0859,24.2,76.3,0.99922,3.362,0.701,9.27,4
4.85,0.677,0.174,1.2,0.1276,21.0,51.5,0.99673,3.416,0.551,10.62,3
8.97,0.33,0.174,4.94,0.0217,30.0,49.2,0.99523,3.354,0.462,10.43,4
10.46,0.567,0.495,7.13,0.0762,1.0,56.0,0.99708,3.144,0.33,10.38,5
6.22,0.746,0.329,1.83,0.0797,9.0,39.8,0.99602,3.361,0.993,11.51,6
11.23,0.436,0.518,1.2,0.0839,17.2,50.7,0.99785,3.409,0.516,12.35,5
9.05,0.399,0.327,1.2,0.0247,21.9,62.9,0.99682,3.245,0.822,10.84,7
7.09,0.487,0.045,1.2,0.1201,1.0,22.6,0.99747,3.027,0.502,9.12,4
8.22,0.739,0.011,1.2,0.1353,20.4,6.0,0.99441,3.493,0.686,10.57,4
9.29,0.563,0.0,2.65,0.052,9.9,6.0,0.99767,3.325,0.734,9.79,6
8.45,0.433,0.4,1.91,0.0331,1.0,75.7,0.99426,2.884,0.447,12.55,7
9.26,0.615,0.503,7.21,0.0509,8.0,6.0,0.99853,3.63,0.821,11.16,6
6.72,0.331,0.632,1.26,0.1103,21.3,61.8,0.99853,3.237,0.624,10.85,6
8.61,0.65,0.435,2.96,0.059,1.0,8.5,0.99736,3.687,0.752,11.12,6
5.86,0.601,0.498,1.68,0.0807,22.5,9.0,0.99729,3.369,0.905,10.38,7
8.13,0.473,0.158,1.8,0.0365,18.8,22.8,0.99628,3.28,0.784,11.76,6
6.75,0.378,0.045,1.2,0.18,13.2,52.9,0.99555,3.339,0.642,9.81,4
7.04,0.369,0.437,1.52,0.0904,1.0,6.0,0.99667,3.202,0.988,11.45,7
10.47,0.624,0.352,1.59,0.141,1.0,26.2,1.00047,3.32,0.65,12.12,5
10.22,0.748,0.292,3.07,0.1102,11.7,45.6,0.99714,3.621,0.674,9.55,5
9.38,0.414,0.347,7.06,0.085,4.1,6.7,0.99414,3.173,0.63,10.78,5
6.42,0.61,0.334,1.2,0.0826,12.4,93.5,0.99345,3.393,0.45,10.87,4
7.77,0.154,0.521,1.2,0.0529,25.3,6.0,0.99397,3.2,0.431,9.27,6
10.43,0.423,0.524,1.71,0.0658,13.0,39.3,0.99598,3.285,0.564,8.96,5
8.57,0.522,0.377,1.97,0.0396,12.7,88.3,0.99911,3.615,0.486,9.44,5
12.36,0.365,0.436,1.2,0.0345,12.7,6.0,0.99476,3.392,0.611,10.36,5
9.0,0.36,0.371,3.57,0.1851,26.5,42.9,0.9994,3.426,0.798,10.87,5
8.65,0.408,0.181,10.49,0.1001,29.4,50.8,0.99704,3.322,0.588,10.02,5
7.78,0.58,0.419,7.29,0.1559,20.3,19.9,0.99762,3.726,0.695,12.49,6
8.55,0.494,0.0,1.2,0.0497,17.3,43.9,0.99757,3.165,0.572,11.52,6
8.05,0.127,0.477,5.21,0.0282,18.3,64.9,0.99782,3.068,1.091,10.9,7
9.55,0.148,0.038,3.05,0.041,30.8,31.1,0.99592,3.571,0.914,9.96,6
9.98,0.419,0.327,1.51,0.0672,20.9,71.6,0.99226,3.252,0.616,10.49,4
6.95,0.61,0.106,1.94,0.0887,31.8,59.4,0.99558,3.374,0.704,11.6,6
6.0,0.12,0.379,4.74,0.0799,11.5,27.3,0.99501,3.575,0.43,11.4,6
5.13,0.439,0.264,1.64,0.0507,1.9,83.6,0.99729,3.376,0.622,11.39,5
9.2,0.434,0.0,1.2,0.0911,8.9,22.1,0.99712,3.655,0.556,10.1,4
6.4,0.777,0.353,1.7,0.0952,10.0,74.6,0.99618,3.332,0.784,9.86,5
4.6,0.459,0.158,2.16,0.12,32.7,22.7,1.00004,3.202,0.5,8.89,7
9.0,0.597,0.443,1.2,0.1561,23.6,36.1,0.99548,2.949,0.94,10.99,5
12.66,0.553,0.271,5.78,0.0699,9.2,41.1,0.99247,3.357,0.647,8.8,5
8.31,0.147,0.348,2.8,0.1441,24.3,57.6,0.99693,2.967,0.51,10.4,6
9.78,0.666,0.084,2.51,0.0901,14.5,6.0,0.99896,3.361,0.663,9.97,4
8.46,0.567,0.156,1.2,0.0152,33.0,61.5,0.99725,3.536,0.783,10.66,3
8.15,0.619,0.182,2.32,0.1708,12.4,43.1,0.99602,3.308,0.746,11.67,6
9.92,1.231,0.438,1.2,0.1938,1.0,55.9,0.99716,3.34,0.685,11.87,4
7.81,0.155,0.598,1.2,0.1161,13.9,63.0,1.00019,3.452,0.807,11.17,6
8.79,0.837,0.114,1.87,0.0912,12.4,59.4,0.99504,3.414,0.797,9.6,5
8.88,0.477,0.481,1.29,0.0742,1.8,6.0,0.99676,3.49,0.798,10.4,7
7.16,0.579,0.0,2.22,0.0652,22.0,11.6,0.99797,3.308,0.611,9.49,5
10.05,0.52,0.038,1.2,0.1439,30.8,57.4,0.99718,2.964,0.61,9.72,7
8.02,0.452,0.084,1.41,0.0862,4.1,53.0,0.99623,3.492,0.623,10.94,6
7.01,0.426,0.007,1.2,0.1657,26.0,20.5,0.99589,3.274,0.574,9.38,6
9.25,0.587,0.0,10.88,0.0886,9.5,70.7,0.99616,3.176,0.676,9.93,5
6.76,0.256,0.352,2.06,0.0676,15.6,38.0,0.99771,3.363,0.657,9.28,6
8.37,0.662,0.229,2.91,0.0587,14.5,75.6,0.9976,3.34,0.939,11.12,4
8.3,0.454,0.345,1.2,0.052,15.6,86.3,1.00068,3.196,0.572,10.03,5
10.21,0.326,0.406,1.2,0.1112,20.8,55.6,0.99378,3.113,0.49,8.4,6
9.15,0.447,0.323,9.31,0.0262,5.2,64.7,1.00004,3.383,0.768,12.17,6
8.28,0.753,0.399,1.2,0.0485,29.4,26.5,0.99631,3.18,0.67,11.5,4
9.74,0.432,0.257,1.38,0.1493,21.1,75.8,0.99653,3.329,0.541,8.4,4
10.74,0.592,0.04,2.62,0.0421,24.6,53.6,0.99833,3.369,0.791,11.21,5
9.29,0.397,0.477,1.2,0.1275,7.7,36.8,0.99832,3.46,0.611,12.05,6
8.34,0.664,0.156,4.16,0.012,4.2,6.4,0.9989,3.637,0.917,10.22,5
6.04,0.651,0.089,1.92,0.1552,28.2,30.5,0.99931,3.348,0.496,10.58,6
6.47,0.859,0.236,1.2,0.0273,3.8,10.0,0.99662,3.245,0.559,10.08,5
7.79,0.497,0.093,1.2,0.0458,17.4,71.5,0.99934,3.566,0.68,10.98,4
7.26,0.648,0.19,1.2,0.119,26.5,86.6,0.9955,3.472,0.889,11.53,7
7.99,0.546,0.338,5.64,0.0997,14.5,76.6,0.99612,3.337,0.537,9.15,5
8.42,0.76,0.339,2.9,0.1291,28.1,128.3,0.99635,3.347,0.722,9.66,5
9.24,0.399,0.096,1.2,0.0269,13.0,31.3,0.9957,3.315,0.46,10.53,6
8.2,0.661,0.176,1.2,0.0735,2.5,66.1,0.99681,3.336,0.814,10.75,6
9.17,0.493,0.48,2.93,0.058,19.8,7.6,0.9984,3.295,0.547,10.86,5
8.43,0.517,0.368,2.12,0.0348,17.9,40.0,0.99794,3.161,0.763,10.21,6
4.88,0.544,0.676,1.3,0.115,44.0,6.0,0.99553,3.312,0.772,9.48,5
6.69,0.573,0.501,1.2,0.1313,6.0,65.2,0.99538,3.582,0.349,11.47,5
8.07,0.507,0.494,1.2,0.0712,13.2,34.8,0.99507,3.185,0.694,9.11,5
6.22,0.566,0.0,2.77,0.1586,8.2,6.0,0.99687,3.269,0.572,9.89,4
9.36,0.81,0.42,8.82,0.0501,14.4,23.9,0.9937,3.174,0.743,10.44,4
10.98,0.704,0.261,1.2,0.1574,14.0,105.5,0.99501,3.489,0.509,10.94,5
10.44,0.684,0.164,2.27,0.1134,6.7,60.0,0.99583,3.439,0.559,10.11,5
7.95,0.446,0.304,1.38,0.0295,20.8,71.8,0.99871,3.114,0.862,11.23,7
10.91,0.369,0.455,1.48,0.1801,13.6,50.6,0.99645,3.0,0.849,11.76,6
8.58,0.699,0.369,1.2,0.0661,29.9,40.5,0.99861,3.444,0.489,9.75,4
7.73,0.685,0.1,4.36,0.1436,9.1,47.0,0.99706,3.105,0.963,10.84,4
7.25,0.792,0.416,1.66,0.0938,35.3,54.5,0.9958,3.439,0.33,10.68,5
7.79,0.42,0.147,1.96,0.1046,18.8,10.4,0.99588,3.213,0.694,10.06,5
7.64,0.487,0.313,1.2,0.1294,29.2,71.6,0.99448,3.418,0.44,8.4,4
8.62,0.235,0.212,1.2,0.1268,17.1,83.4,1.00127,3.379,0.721,10.8,5
8.6,0.458,0.228,1.2,0.0709,7.7,40.0,0.99881,3.228,0.614,10.92,5
8.33,0.706,0.42,3.13,0.112,13.1,29.3,0.99785,3.176,0.485,11.58,6
9.08,0.444,0.068,1.2,0.1085,1.4,22.1,0.99422,3.4,0.533,10.06,3
10.39,0.643,0.65,2.93,0.097,14.7,104.3,0.99584,3.204,0.524,9.71,6
9.97,0.494,0.0,1.24,0.0774,17.7,31.6,0.99485,3.482,0.671,9.44,5
5.74,0.586,0.154,1.34,0.0969,16.3,68.0,0.99694,3.183,0.824,8.4,4
4.6,0.323,0.343,1.58,0.1795,29.8,40.2,0.99494,3.365,0.991,9.99,6
9.95,0.543,0.385,1.2,0.0731,14.3,38.5,0.99543,3.251,0.629,13.38,6
5.94,0.12,0.251,1.2,0.1437,1.0,21.3,0.99499,3.312,0.709,11.78,5
7.93,0.495,0.26,1.2,0.0579,52.9,14.5,0.99624,3.203,0.86,9.36,4
6.28,0.236,0.351,2.72,0.0456,8.6,70.8,0.99684,3.283,0.582,9.87,6
5.18,0.744,0.226,2.74,0.241,26.0,13.8,0.99629,2.916,0.525,9.86,5
9.26,0.667,0.543,1.2,0.1124,1.0,61.7,0.99961,3.186,0.989,11.92,5
9.64,0.612,0.435,1.54,0.1137,18.4,49.5,0.99824,3.221,0.627,12.8,7
7.32,0.8,0.441,1.2,0.115,7.6,71.2,0.99521,3.3,0.695,10.52,5
4.6,0.358,0.083,1.2,0.1531,1.0,26.4,0.99732,3.51,0.385,10.7,6
7.37,0.841,0.256,1.2,0.1062,12.9,82.0,0.99537,3.204,0.569,10.98,4
9.0,0.695,0.212,5.68,0.1254,15.3,41.8,0.99595,3.529,0.979,10.4,4
5.75,0.486,0.075,1.2,0.0372,13.6,131.7,0.99761,3.178,0.737,10.72,5
8.64,0.731,0.341,1.2,0.1332,18.4,6.0,0.99796,3.14,0.653,10.47,5
8.29,0.33,0.166,1.2,0.0759,13.1,126.4,0.99558,3.021,0.895,10.93,7
9.33,0.38,0.399,1.2,0.1186,16.6,42.3,0.9946,3.404,0.378,8.4,5
8.53,0.419,0.062,2.55,0.012,17.6,53.8,0.99687,3.324,0.587,9.91,5
6.63,0.433,0.606,1.2,0.1166,15.5,26.6,0.99753,3.395,1.045,9.15,5
10.4,0.339,0.096,1.2,0.012,14.1,6.0,0.99549,3.331,0.65,11.16,5
8.04,0.747,0.314,2.59,0.074,6.5,29.1,0.99825,3.31,0.648,9.58,4
8.27,0.482,0.425,1.2,0.012,22.1,34.4,0.99791,3.355,0.858,8.75,5
6.7,0.591,0.16,3.08,0.1168,12.9,52.5,0.99546,3.642,0.87,8.51,5
7.55,0.426,0.437,2.04,0.0903,12.1,83.4,0.99885,3.238,0.437,10.9,5
6.78,0.202,0.031,1.2,0.0508,21.2,52.7,0.99891,3.627,0.731,9.43,5
8.02,0.576,0.554,2.63,0.1544,18.1,53.3,1.00063,3.442,0.956,10.27,6
11.3,0.186,0.274,1.2,0.0449,8.6,59.1,0.99995,3.367,0.549,12.11,6
5.93,0.516,0.155,1.92,0.012,29.0,6.0,0.99499,3.396,0.595,10.82,6
5.51,0.283,0.213,1.44,0.1111,3.4,6.0,0.99846,2.819,0.663,9.87,5
10.88,0.884,0.429,1.2,0.012,5.1,6.0,0.99837,3.271,0.776,9.16,4
7.96,0.691,0.157,2.32,0.0463,22.9,34.2,0.99604,3.208,0.415,10.89,4
7.16,0.547,0.125,5.13,0.0627,34.2,6.0,0.99756,3.636,0.33,10.28,6
10.13,0.754,0.228,15.5,0.0201,9.8,23.8,0.99313,3.258,0.695,11.04,4
7.27,0.377,0.041,2.34,0.0638,20.2,6.0,0.99308,3.306,0.856,8.4,6
11.5,0.625,0.626,1.3,0.021,3.4,62.5,0.99344,3.304,0.605,11.64,5
9.5,0.564,0.161,1.2,0.0946,6.2,60.9,0.99744,3.11,0.554,8.59,5
7.47,0.575,0.433,1.2,0.0292,27.7,36.6,0.99753,3.225,0.63,9.9,4
12.07,0.756,0.312,1.63,0.0884,19.7,6.0,0.99618,3.437,0.93,11.91,5
7.27,0.659,0.079,1.2,0.1416,28.0,38.7,0.99997,2.983,0.545,8.4,3
9.61,0.58,0.27,6.13,0.1238,27.2,57.3,0.99858,3.359,0.755,10.33,7
8.84,0.232,0.424,1.2,0.0832,1.0,73.1,0.99366,3.172,0.462,10.13,6
10.59,0.356,0.234,1.2,0.0405,3.4,104.2,0.99637,3.511,0.47,10.39,6
11.04,0.506,0.504,1.21,0.0945,18.7,83.3,0.99491,3.372,0.802,10.8,5
8.38,0.545,0.47,4.53,0.0543,1.0,51.9,0.99749,3.077,0.936,10.44,5
7.01,0.326,0.45,2.63,0.0965,4.8,37.1,0.99664,3.247,0.809,8.99,6
9.12,0.96,0.181,2.38,0.012,30.8,22.0,0.99502,3.381,0.33,10.52,3
7.14,0.799,0.06,1.2,0.1249,10.2,91.1,0.99992,3.264,0.587,10.4,4
11.82,0.636,0.151,4.26,0.0886,23.3,52.0,0.99681,3.333,0.699,10.36,4
8.56,0.541,0.309,1.2,0.1908,15.6,67.2,0.99591,3.308,0.668,12.65,5
7.68,0.49,0.377,5.12,0.1484,8.8,27.1,0.99622,3.444,0.332,11.85,4
8.64,0.358,0.0,1.8,0.1136,1.0,6.0,0.99978,3.379,0.437,12.38,4
5.98,0.542,0.269,1.27,0.0812,18.3,33.3,0.99843,3.304,0.522,10.79,4
6.63,0.574,0.302,1.72,0.0527,31.1,36.5,0.99639,3.314,0.647,12.33,6
10.41,0.306,0.217,2.75,0.1313,9.1,52.8,0.99482,3.144,0.33,9.5,4
7.18,0.588,0.523,1.2,0.0762,16.6,22.2,0.99511,3.537,0.76,10.04,6
6.5,0.5,0.353,5.13,0.1419,1.0,47.3,0.99578,3.767,0.642,9.8,6
9.25,0.187,0.526,1.48,0.1058,8.8,85.2,0.99766,3.26,0.481,9.89,5
10.38,0.374,0.229,1.2,0.1062,19.4,6.0,0.99814,3.318,0.691,10.46,4
9.57,0.454,0.454,1.2,0.1149,23.6,6.0,0.99532,3.467,0.413,10.64,6
10.05,0.866,0.59,1.45,0.0438,21.7,87.5,0.99822,3.466,0.649,10.88,4
7.0,0.628,0.527,1.71,0.039,1.0,6.0,0.99497,3.338,0.352,12.29,5
5.85,0.289,0.058,1.29,0.0373,11.1,34.0,0.99554,3.161,0.377,8.79,4
10.93,0.615,0.222,2.84,0.1362,5.8,66.5,0.99395,3.591,0.581,9.13,5
7.76,0.251,0.204,1.37,0.0426,12.6,44.5,0.99389,3.416,0.536,8.4,6
7.88,0.722,0.366,8.14,0.0484,14.7,44.1,0.99495,3.345,0.723,9.52,6
10.63,0.444,0.405,2.29,0.1123,27.0,48.9,0.99665,3.2,0.655,9.94,5
9.29,0.511,0.107,4.12,0.0752,19.0,129.3,0.99481,3.32,1.015,9.67,4
9.11,0.765,0.284,1.2,0.0691,30.7,105.1,0.99955,3.032,0.613,9.2,4
12.09,0.298,0.0,1.27,0.0651,8.6,23.6,0.99493,3.425,0.33,10.52,4
7.2,0.278,0.552,1.2,0.012,1.0,81.0,0.99705,3.463,0.33,10.01,7
9.93,0.424,0.171,2.11,0.0416,31.1,63.1,0.99921,3.346,0.455,9.47,8
8.42,0.714,0.282,4.94,0.1425,20.4,45.8,0.99688,3.163,1.233,10.58,5
8.79,0.256,0.211,1.2,0.0616,8.1,16.6,0.99601,3.381,0.652,9.81,6
10.98,0.12,0.494,1.2,0.012,20.4,61.3,0.99698,3.432,0.846,11.66,6
9.2,0.447,0.0,4.75,0.0396,24.6,36.4,0.99563,3.197,0.829,10.24,6
9.26,0.627,0.268,1.2,0.1039,17.1,34.0,0.9948,3.455,0.443,10.05,6
10.19,0.743,0.25,2.76,0.103,8.2,21.2,0.99786,3.392,0.353,10.7,4
7.68,0.445,0.183,1.96,0.0732,11.3,79.4,0.99559,3.269,0.767,8.4,4
6.86,0.454,0.608,4.47,0.0546,18.9,21.2,0.99848,3.225,0.33,11.72,7
6.5,0.735,0.098,1.2,0.0211,18.0,21.4,0.99821,3.283,0.824,11.26,6
4.9,0.193,0.422,1.2,0.1043,28.6,72.1,0.99702,3.162,0.638,9.57,6
11.9,0.458,0.34,2.03,0.1264,13.0,41.7,0.99854,3.351,0.763,9.21,5
6.4,0.562,0.517,7.31,0.1476,5.8,42.6,0.99567,3.397,0.71,9.34,5
7.94,0.608,0.141,1.34,0.0348,42.8,80.5,0.99819,3.491,0.719,8.91,6
7.84,0.437,0.128,1.2,0.1512,17.7,89.7,0.99818,3.357,0.676,8.6,5
8.85,0.534,0.485,2.33,0.0843,24.6,6.0,0.99613,3.371,0.706,8.88,5
9.74,0.12,0.354,6.66,0.0882,21.3,42.2,0.99588,3.27,0.666,8.4,6
9.82,0.41,0.0,4.53,0.129,17.8,6.0,0.99733,3.176,0.424,10.03,5
7.31,0.609,0.166,13.5,0.0616,13.5,33.7,1.00044,3.245,0.591,10.27,4
8.03,0.352,0.346,1.2,0.012,1.0,46.2,0.99626,3.531,1.027,11.79,6
8.81,0.539,0.434,1.2,0.1201,4.7,34.8,0.99584,3.409,0.711,11.48,5
7.89,0.608,0.139,2.35,0.1034,19.3,12.7,0.99894,3.374,0.852,9.63,4
11.12,0.467,0.0,4.3,0.0701,1.0,11.1,0.99683,3.031,0.491,10.16,6
9.17,0.559,0.373,1.2,0.1163,16.6,70.4,0.99835,3.359,0.488,11.6,6
9.6,0.356,0.033,1.2,0.1259,22.8,97.0,0.9995,3.106,0.453,9.94,5
9.47,0.491,0.0,3.87,0.0159,24.6,6.0,0.99308,3.117,0.432,10.6,6
10.36,0.637,0.0,1.2,0.0881,22.1,35.7,0.99663,3.134,0.382,9.77,4
8.63,0.556,0.43,1.2,0.012,25.9,70.6,0.99626,3.192,0.698,10.46,5
6.06,0.423,0.296,1.76,0.0812,32.7,45.4,0.99487,3.439,0.598,10.51,6
9.02,0.568,0.227,2.05,0.0695,27.3,9.8,0.99305,3.346,0.807,10.05,4
7.19,0.656,0.542,3.26,0.1101,17.9,30.8,0.99368,3.166,0.605,11.56,4
7.4,0.161,0.395,1.2,0.0366,14.5,56.4,0.9969,3.222,0.33,9.5,6
9.34,0.735,0.586,2.37,0.0672,17.1,36.4,0.99569,3.388,0.733,10.54,6
10.47,0.468,0.0,2.2,0.012,13.0,44.9,0.99518,3.418,0.33,12.33,6
8.36,0.604,0.264,1.98,0.1132,27.6,45.8,0.99688,3.332,0.694,10.75,4
8.86,0.742,0.0,2.56,0.0828,21.9,29.2,0.99538,3.134,0.527,9.57,4
11.28,0.282,0.226,1.2,0.0911,11.9,73.3,0.99915,3.247,0.698,10.79,5
8.74,0.401,0.223,1.2,0.0168,29.7,30.8,0.99552,3.678,0.413,13.02,7
12.85,0.476,0.393,1.2,0.1057,12.8,13.4,0.99956,3.125,0.79,10.46,7
9.3,0.388,0.28,1.2,0.1647,6.0,119.8,0.99664,3.369,0.664,11.27,6
5.26,0.839,0.393,1.73,0.0783,15.8,43.9,0.99546,3.638,0.599,10.43,4
9.63,0.375,0.408,4.59,0.1176,7.2,6.0,0.99532,3.269,0.37,10.71,5
8.98,0.429,0.691,3.02,0.0461,25.7,87.8,0.99958,3.593,0.966,10.34,5
10.56,0.565,0.21,3.89,0.0834,7.0,87.6,0.99802,3.205,0.504,9.33,4
9.49,0.313,0.088,1.2,0.015,14.7,61.5,0.99526,3.007,0.703,10.82,6
8.08,0.457,0.319,1.3,0.124,25.7,67.3,0.99693,3.222,0.497,9.11,4
6.19,0.585,0.115,1.25,0.0945,8.4,117.5,0.99222,3.194,1.3,10.09,4
7.96,0.468,0.56,1.2,0.0297,20.2,14.8,0.99417,3.054,0.683,12.47,6
6.84,0.511,0.216,1.2,0.0493,5.7,50.9,0.99527,3.247,0.554,10.34,6
7.31,0.433,0.161,2.23,0.0899,18.4,111.3,0.99523,3.464,0.761,9.43,6
9.34,0.257,0.179,11.32,0.1304,21.8,118.2,0.999,3.22,0.786,10.68,5
11.23,0.586,0.411,1.2,0.1565,15.4,34.4,0.99306,3.253,0.725,9.83,3
9.01,0.842,0.24,1.2,0.0807,16.2,112.6,0.99399,3.522,0.603,10.54,5
6.24,0.531,0.146,3.78,0.0229,20.5,72.9,0.99756,3.196,0.733,9.16,6
9.09,0.568,0.596,1.2,0.0982,12.9,95.7,0.99714,3.406,0.632,11.25,6
10.4,0.652,0.104,4.42,0.1709,25.2,71.8,0.99604,3.048,0.654,10.55,6
7.26,0.301,0.278,3.04,0.012,30.2,56.5,1.0006,3.162,0.524,9.35,7
8.09,0.833,0.398,7.28,0.0421,6.2,119.2,0.99787,3.278,0.409,10.8,4
8.35,0.564,0.0,1.31,0.1157,34.4,29.1,0.99902,3.497,0.754,12.49,7
6.95,0.82,0.365,2.71,0.0942,12.7,109.1,0.9966,3.17,0.761,9.57,4
9.45,0.397,0.065,1.56,0.0614,36.7,114.3,0.99567,3.169,0.878,11.23,6
8.11,0.853,0.431,2.49,0.0973,12.8,91.3,0.99569,3.353,0.666,10.87,5
9.05,0.667,0.083,1.49,0.1329,23.3,44.1,0.99846,3.378,0.621,10.85,4
6.78,0.627,0.406,1.2,0.0824,23.2,54.5,0.99817,3.152,0.418,11.38,6
7.56,0.57,0.487,1.77,0.0783,11.8,6.0,0.99628,3.231,0.651,10.12,5
9.58,0.484,0.439,1.88,0.1147,16.6,31.6,0.9976,3.478,0.719,10.58,7
7.67,0.743,0.32,4.16,0.0743,30.9,66.9,0.99853,3.129,0.349,10.53,4
11.32,0.553,0.226,3.32,0.1407,12.5,6.0,0.99563,3.364,0.84,9.5,4
7.62,0.176,0.159,2.73,0.1823,11.5,36.7,0.99605,3.231,0.537,10.91,5
8.71,0.328,0.558,1.2,0.045,3.8,110.5,0.99755,3.527,0.625,10.03,7
9.94,0.495,0.135,3.19,0.0282,32.3,41.4,0.9933,3.4,0.76,12.38,5
5.85,0.583,0.069,1.73,0.1045,10.8,80.5,0.99758,3.447,0.657,9.88,6
5.26,0.518,0.401,5.61,0.0266,28.4,65.1,0.99456,3.228,0.897,9.01,7
5.67,0.746,0.116,6.31,0.0258,9.6,36.3,0.99849,3.438,0.765,11.62,5
10.52,0.179,0.086,1.2,0.012,28.1,41.4,1.00078,3.434,0.633,9.62,5
7.36,0.554,0.0,4.3,0.069,24.3,52.0,0.99538,3.391,0.33,9.12,5
12.77,0.203,0.177,1.2,0.0854,13.5,6.0,0.99414,3.267,0.827,10.83,5
7.34,0.664,0.255,1.2,0.0627,8.2,77.6,0.99636,3.336,0.457,11.85,7
8.64,0.511,0.318,1.95,0.1523,9.0,42.6,0.9962,3.026,0.803,11.21,6
11.0,0.603,0.457,1.2,0.1488,8.9,78.8,0.99796,3.582,0.741,9.81,4
11.81,0.373,0.374,3.43,0.1777,27.0,59.2,0.99714,3.218,0.624,10.56,4
11.91,0.757,0.234,1.2,0.0892,17.5,41.1,0.99614,3.259,0.82,10.11,5
10.42,0.714,0.232,1.2,0.1426,4.2,53.0,0.99687,3.108,0.747,12.2,4
10.1,0.632,0.37,2.17,0.1015,13.2,53.1,0.99457,3.415,0.714,9.95,4
9.35,0.505,0.519,3.13,0.0968,14.5,95.0,0.99828,3.392,0.366,10.53,5
9.67,0.632,0.296,6.21,0.065,1.0,48.5,0.99977,3.265,0.665,10.6,6
7.36,0.401,0.18,3.06,0.012,13.8,56.0,0.99442,2.951,0.447,9.18,6
6.9,0.681,0.077,2.79,0.117,23.4,6.0,0.9937,3.201,0.472,10.21,5
8.31,0.823,0.0,1.25,0.1412,14.4,44.9,0.99594,3.382,0.597,10.23,4
8.02,0.72,0.401,1.2,0.0153,18.5,94.3,0.99438,3.35,0.907,11.89,6
7.53,0.397,0.384,1.2,0.0865,20.9,60.6,0.99428,3.304,0.72,10.63,6
9.53,0.593,0.384,1.91,0.1336,12.3,10.9,0.99404,3.246,0.731,10.02,4
9.98,0.297,0.246,2.81,0.0701,23.5,14.4,0.99633,3.068,0.789,10.26,5
8.47,0.63,0.545,1.35,0.1431,31.1,22.1,0.99592,3.459,0.509,10.35,5
10.89,0.609,0.177,3.28,0.0804,1.0,79.4,0.99741,3.089,0.39,10.38,4
6.33,0.193,0.457,1.84,0.0623,12.3,75.3,0.99563,3.28,0.36,11.41,6
7.98,0.32,0.263,1.2,0.1458,40.2,6.0,0.99439,3.152,0.697,11.47,6
7.07,0.477,0.152,1.2,0.0431,17.7,43.8,0.99667,3.464,0.826,9.36,6
5.07,0.474,0.387,4.58,0.0529,15.5,51.3,0.99469,3.401,0.813,11.56,4
8.18,0.312,0.351,3.23,0.0449,13.2,14.8,0.99767,3.256,0.517,11.22,4
8.11,0.598,0.341,5.63,0.0333,29.2,33.6,0.99353,3.417,0.888,10.36,5
10.95,0.573,0.287,1.2,0.0942,6.0,90.3,0.99259,3.081,1.005,8.84,6
9.42,0.493,0.264,11.57,0.0629,25.6,59.9,0.99364,3.299,0.761,10.65,5
6.54,0.393,0.737,1.2,0.11,13.0,30.0,0.99591,3.149,0.911,10.04,6
11.55,0.716,0.502,1.2,0.012,8.0,40.3,0.99615,3.469,0.806,11.01,6
10.44,0.824,0.412,14.9,0.0342,13.5,39.0,0.99696,3.369,0.619,11.11,5
9.33,0.441,0.293,1.2,0.0894,15.4,55.7,0.99563,3.411,0.545,11.83,7
7.93,0.418,0.467,2.76,0.1561,10.7,6.0,0.99509,3.226,0.384,9.28,5
6.65,0.616,0.372,1.2,0.1048,27.5,24.4,0.99942,3.426,0.582,12.71,6
7.67,0.464,0.276,2.17,0.0593,8.1,80.5,0.99892,3.139,0.618,11.38,5
10.21,0.503,0.212,5.86,0.017,17.3,44.1,0.99857,3.161,0.621,11.18,7
11.6,0.66,0.255,1.2,0.0566,21.5,18.5,0.99729,3.284,0.639,12.47,6
11.01,0.186,0.0,2.77,0.085,17.2,19.9,0.99744,3.167,0.33,10.76,4
7.47,0.764,0.312,1.2,0.012,23.9,70.2,0.99517,3.42,0.79,11.53,7
6.37,0.541,0.176,2.45,0.03,11.3,29.4,0.99697,3.238,0.81,10.6,6
8.57,0.454,0.582,1.2,0.0523,22.4,63.3,0.99491,3.145,0.721,11.32,6
5.24,0.512,0.275,1.2,0.0749,22.7,25.8,0.9947,3.125,0.459,11.66,4
8.88,0.521,0.039,1.2,0.0844,26.0,9.3,0.99363,3.418,0.72,11.55,7
8.06,0.218,0.261,1.2,0.0583,1.0,54.5,0.99747,2.919,0.662,8.8,5
7.51,0.796,0.067,5.8,0.1108,21.2,43.3,0.99701,3.155,0.739,9.98,4
5.55,0.535,0.363,1.27,0.0929,25.3,69.0,0.99612,3.527,0.922,11.67,4
9.21,0.607,0.328,1.2,0.0696,11.6,75.6,0.99588,3.258,0.628,10.95,5
7.39,0.698,0.458,1.49,0.1173,10.1,34.7,0.99322,3.421,0.689,10.37,5
6.28,0.345,0.117,1.2,0.1134,8.5,57.9,0.99719,3.377,0.511,10.96,4
4.6,0.613,0.278,3.41,0.0187,5.1,33.7,0.9961,3.282,0.815,9.24,5
8.27,0.48,0.005,8.87,0.0855,22.8,67.3,0.9984,3.056,0.777,11.26,5
11.4,0.68,0.408,1.44,0.1288,39.7,54.1,0.99698,3.107,0.695,10.82,5
11.21,0.147,0.372,4.93,0.1367,10.1,25.9,0.99804,3.104,0.479,10.51,4
7.52,0.51,0.368,2.09,0.1044,11.0,23.2,0.99669,3.385,0.542,10.23,5
7.27,0.42,0.271,1.2,0.076,16.0,55.3,0.99705,3.414,0.347,10.67,4
9.14,0.605,0.352,2.93,0.1068,1.0,84.7,0.99847,3.176,0.54,10.13,6
6.58,0.612,0.584,1.8,0.125,8.6,76.1,0.99633,3.299,0.779,10.07,5
8.85,0.401,0.215,2.63,0.0924,15.3,15.4,0.9976,3.312,0.725,12.33,7
9.65,0.401,0.298,5.51,0.0977,6.5,18.9,0.99586,3.323,0.685,8.72,5
10.45,0.508,0.059,1.45,0.0753,28.4,23.8,0.99645,3.194,0.91,8.74,5
8.15,0.368,0.102,5.79,0.0242,2.3,26.8,0.99973,3.563,0.71,11.26,7
7.97,0.679,0.29,3.47,0.0788,25.3,6.0,0.99792,3.415,0.56,9.11,4
6.79,0.462,0.486,1.68,0.0552,31.2,72.5,0.99567,3.322,0.539,8.4,4
6.88,0.12,0.221,2.31,0.0553,19.9,31.5,0.9975,3.231,0.619,11.51,7
7.93,0.461,0.225,1.2,0.1544,14.4,61.7,0.99427,3.183,0.581,11.77,4
8.96,0.342,0.192,10.28,0.1317,18.4,36.1,0.99628,3.372,0.82,9.02,5
9.91,0.236,0.167,2.75,0.012,11.3,45.7,0.99489,3.238,0.73,8.5,4
6.92,0.307,0.329,1.2,0.036,1.0,23.9,0.99756,3.332,0.604,9.12,6
10.92,0.548,0.0,1.2,0.0699,5.6,45.5,0.99634,3.019,0.61,9.67,4
7.85,0.766,0.521,2.44,0.0569,15.8,17.8,0.99724,3.229,0.778,12.47,5
8.28,0.584,0.141,1.2,0.1019,6.0,45.8,0.99817,3.294,0.83,9.96,4
7.02,0.419,0.412,1.2,0.0286,11.5,94.4,0.99583,3.46,0.345,11.31,5
4.6,0.61,0.023,1.49,0.1321,20.9,63.6,0.99589,3.169,0.629,11.19,5
9.86,0.446,0.401,1.2,0.0849,17.4,56.0,0.99663,3.082,0.674,11.83,6
9.6,0.404,0.402,1.44,0.071,26.9,6.0,0.99507,3.379,0.751,9.75,4
7.83,0.321,0.346,1.2,0.0863,18.9,65.1,0.99668,3.301,0.677,10.41,5
8.44,0.214,0.077,1.2,0.0674,19.6,68.3,0.99678,3.046,0.727,10.19,7
9.22,0.458,0.32,2.92,0.012,8.4,55.3,0.99713,3.053,0.618,11.0,6
5.6,0.556,0.04,1.81,0.0876,1.9,53.5,0.9975,3.211,0.521,11.72,5
7.4,0.511,0.222,1.2,0.0719,11.6,41.9,0.99365,3.298,0.791,12.75,6
9.7,0.454,0.472,1.2,0.0421,8.3,67.8,0.99426,3.525,0.797,10.0,7
6.14,0.359,0.426,2.24,0.1386,14.1,92.4,0.99448,3.145,0.769,10.57,4
8.83,0.637,0.274,1.2,0.1185,4.7,57.3,0.99688,3.394,0.799,11.35,4
5.96,0.292,0.081,1.2,0.2016,24.7,14.5,0.99616,3.009,0.493,11.07,5
9.13,0.667,0.397,1.2,0.1262,8.2,17.0,0.99239,3.367,0.572,12.26,5
8.26,0.349,0.275,4.18,0.0568,12.1,70.4,1.0004,3.543,0.848,10.3,5
5.51,0.393,0.0,3.49,0.0444,15.7,14.8,0.99292,3.333,0.719,9.99,6
10.35,0.265,0.424,3.5,0.0638,27.6,53.1,0.99676,3.208,0.668,11.89,6
7.04,0.438,0.266,3.15,0.0557,34.3,35.1,0.99777,3.501,0.615,10.74,5
6.91,0.703,0.505,2.77,0.0921,35.0,11.2,0.99533,3.365,0.874,11.0,5
8.67,0.62,0.057,1.62,0.0147,2.5,73.9,0.99792,3.335,0.357,10.34,4
10.32,0.703,0.0,2.57,0.1174,12.0,69.7,0.99478,3.154,0.708,11.41,6
6.55,0.621,0.325,1.2,0.0913,10.0,6.0,0.99703,3.367,0.647,9.49,5
8.43,0.33,0.328,2.43,0.112,19.7,62.3,0.99256,3.206,0.445,9.93,4
9.07,0.469,0.0,3.76,0.0332,19.1,57.5,0.99893,3.359,0.933,8.4,6
9.53,0.388,0.08,1.73,0.0986,9.8,74.0,0.9967,3.318,0.33,9.75,5
8.63,0.766,0.808,1.2,0.1481,8.9,52.0,0.99367,3.478,0.679,11.42,4
7.68,0.314,0.211,1.2,0.0466,5.4,93.4,0.99789,3.222,0.748,10.47,7
6.88,0.688,0.414,2.57,0.0453,1.0,42.3,0.9998,3.288,0.492,9.43,5
8.47,0.688,0.144,2.95,0.1205,2.3,37.5,0.99494,3.434,0.705,11.95,5
6.45,0.856,0.0,5.12,0.0415,24.9,14.4,0.9963,3.275,0.62,10.57,5
4.6,0.455,0.238,1.2,0.076,31.2,15.7,0.99572,3.308,0.826,12.23,6
9.08,0.656,0.219,3.67,0.1564,30.0,12.8,0.99524,3.248,1.255,11.34,5
9.89,0.936,0.193,2.06,0.0459,25.4,53.7,0.99504,3.286,0.716,10.62,4
4.6,0.417,0.249,5.36,0.1596,5.3,37.6,0.99547,3.414,0.761,12.38,5
6.56,0.253,0.323,1.88,0.0712,3.5,57.3,0.99557,3.594,0.492,10.02,5
9.4,0.191,0.242,1.82,0.0343,1.0,6.7,0.99602,3.053,0.695,9.25,5
11.9,0.656,0.025,2.16,0.1154,9.8,18.3,0.99588,3.116,0.595,12.13,5
8.36,0.191,0.366,3.46,0.0921,16.8,17.8,0.99815,3.289,0.79,11.07,6